id,query
s1426,documentaries about chess
s1426,behind the scenes of popular shows
s1426,short movies from 2021
s1426,TV 14 rated documentaries
s1426,recent US documentaries
s7321,independent comedies about family
s7321,feel good movies about faith
s7321,films featuring Ally Sheedy
s7321,stories about returning home
s7321,movies from 2016
s1047,thrillers about obsessive relationships
s1047,psychological movies with Amber Midthunder
s1047,movies released in 2019
s1047,small town crime dramas
s1047,TV-14 rated suspense films
s6779,international dramas set in the 1920s
s6779,movies featuring Andy Garcia
s6779,films about religious freedom
s6779,mexican movies with war themes
s6779,dramas rated R
s7364,international thrillers from India
s7364,movies with Pasupathy
s7364,complicated relationships in crime stories
s7364,films added in 2018
s7364,14 plus rated thrillers
s8739,documentaries about relationships
s8739,thought-provoking films for adults
s8739,movies directed by Dhruv Dhawan
s8739,exploring monogamy in storytelling
s8739,films from Canada and India
s5542,stand up comedy specials
s5542,funny movies from 2017
s5542,Louis C.K. performances
s5542,live shows about love and pets
s5542,comedy filmed in Washington D.C.
s886,international comedies with strong female leads
s886,feel-good dramas about family and cooking
s886,movies featuring Diaan Lawrenson
s886, films about a housewife's challenges
s886,movies from 2018 rated mature
s5950,drama movies set in World War II
s5950,films featuring young protagonists
s5950,movies with Ricky Schroder
s5950,stories about bravery in wartime
s5950,90s movies rated TV-MA
s4354,reality shows about magic
s4354,family friendly shows
s4354,Drummond Money-Coutts performances
s4354,magicians performing dangerous tricks
s4354,TV series added in 2018
s319,documentaries about drug trade
s319,intense international movies
s319,films with Maximilian Schmidt
s319,stories of teenage criminals
s319,2021 movies with mature content
s298,anthology series exploring human emotions
s298,Indian shows with Suriya and Vijay Sethupathi
s298,2021 TV shows rated TV-MA
s298,shows featuring nine emotions concept
s298,drama series set in India
s951,dramas with supernatural themes
s951,suspenseful movies with a teenage victim
s951,movies by Peter Jackson
s951,films set in the United States
s951,international movies rated PG-13
s2268,indian dramas with lgbt themes
s2268,movies featuring rani mukerji
s2268,stories about dancers and dreams
s2268,films set in india
s2268,international movies rated tv ma
s2403,comedy dramas from the Middle East
s2403,films about reconnecting friends
s2403,movies with Fahad Albutairi
s2403,international road trip movies
s2403,TV-MA rated comedies
s5159,music movies 2017
s5159,Barbra Streisand concerts
s5159,feel good musical films
s5159,shows set in Miami
s5159,family friendly entertainment TV-14
s6068,drama series about apostles
s6068,historical shows with adventure
s6068,Juan Pablo Di Pace performances
s6068,stories after Jesus' crucifixion
s6068,TV shows from 2015
s264,kids TV shows with music
s264,family friendly series for toddlers
s264,educational programs with nursery rhymes
s264,children's shows from 2016
s264,animated series for young kids
s5685,romantic tv comedies from taiwan
s5685,feel good teen shows
s5685,esther wu series
s5685,high school romance stories
s5685,tv shows with tv-14 rating
s2061,romantic movies from the philippines
s2061,lighthearted films about unexpected love
s2061,films featuring Gerald Anderson
s2061,movies with unique relationship themes
s2061,international movies rated TV-14
s7133,documentaries about famous chefs
s7133,feel good food movies
s7133,films by David Gelb
s7133,sushi making documentaries
s7133,cooking documentaries from 2011
s6519,thrillers about missing persons
s6519,dystopian dramas with Aaron Paul
s6519,detective stories set in Los Angeles
s6519,movies released in 2016
s6519,R rated films with strong plots
s7003,dramas set in the wild west
s7003,movies featuring Christian Bale
s7003,films about native american themes
s7003,military stories with strong characters
s7003,r rated movies from 2017
s5539,TV dramas about music and youth
s5539,shows with Justice Smith
s5539,things set in 1970s New York
s5539,teen shows with mature themes
s5539,series from 2017
s4332,documentaries about Mexico
s4332,serious films about justice
s4332,movies by Enrique García Meza
s4332,real stories of missing students
s4332,international documentaries rated TV-MA
s2286,action adventure movies from India
s2286,thrilling heist films
s2286,movies with Abhishek Bachchan
s2286,films about stealing gold
s2286,international movies from 2012
s4612,action films from India
s4612,intense sibling dramas
s4612,movies featuring Arya
s4612,Tamil films with music
s4612,2010s international action films
s5939,stand-up comedy specials
s5939,funny movies about love
s5939,features with Aziz Ansari
s5939,movies discussing marriage and adulthood
s5939,2013 comedy films
s2871,South African spy series
s2871,action dramas with strong female leads
s2871,shows starring Pearl Thusi
s2871,political intrigue in Africa
s2871,TV MA rated international shows
s7990,mexican comedies from the 90s
s7990,romantic dramas with infidelity
s7990,movies starring Demián Bichir
s7990,films about affairs and relationships
s7990,international movies in Spanish
s8539,documentaries about drinking
s8539,informative movies for teens
s8539,films featuring Javid Abdelmoneim
s8539,films exploring alcohol risks
s8539,international movies from the UK
s71,reality shows about love
s71,Spanish language dating series
s71,Itatí Cantoral reality TV
s71,shows about celibacy and challenges
s71,adult reality series
s7533,independent dramas from india
s7533,emotional movies about illness
s7533,films featuring juhi chawla
s7533,stories about acceptance and love
s7533,tv pg rated movies
s7960,family movies with zombies
s7960,animated films from the 90s
s7960,movies featuring Scott Innes
s7960,adventures set on an island
s7960,kid friendly horror movies
s1655,Nigerian romantic series
s1655,funny shows about friendship
s1655,Damilola Adegbite films
s1655,stories about marriage pressure
s1655,TV-MA comedies from 2015
s6976,international dramas on misfortune
s6976,movies with Vishnu Vinay
s6976,films about changing life status
s6976,teen dramas from 2017
s6976,Indian movies with a serious tone
s4362,international dramas about family vacations
s4362,suspenseful independent movies
s4362,films with Luis Gerardo Méndez
s4362,movies featuring sinister resort plots
s4362,Mexican films from 2018
s3511,korean romantic series
s3511,feel good shows about single mothers
s3511,shows with Kong Hyo-jin
s3511,stories tackling social stigmas
s3511,2019 international tv shows
s2869,Spanish-language comedies
s2869,teen fantasy series
s2869,shows with Angely Gaviria
s2869,time travel romance
s2869,Colombian TV shows
s1611,thrillers with Tom Hanks
s1611,suspenseful movies set in Vatican
s1611,movies directed by Ron Howard
s1611,films about secret societies
s1611,2000s action movies
s2233,new thrillers from 2020
s2233,movies featuring Nia Long
s2233,tense obsession films
s2233,she lawyer faces danger
s2233,movies rated tv-14
s7575,weird nature docuseries
s7575,family friendly science shows
s7575,British series with Chris Packham
s7575,strange animal phenomena
s7575,nature exploration from UK
s3474,korean romantic series
s3474,shows with Ji Chang-wook
s3474,political intrigue dramas
s3474,international shows rated TV-14
s3474,korean shows from 2016
s1045,anime thrillers from Japan
s1045,survival shows with intense plot
s1045,series featuring Haruka Shiraishi
s1045,TV shows for mature audiences
s1045,2021 international animated series
s941,children family movies
s941,funny adventures for kids
s941,films by Suhas Kadav
s941,ocean themed animated movie
s941,TV Y7 movies for kids
s3926,TV comedies about family connections
s3926,funny shows with French actors
s3926,series featuring famous comedians
s3926,comedies set in Los Angeles
s3926,mature shows for adult audiences
s979,romantic comedies from turkey
s979,funny movies with strong female leads
s979,films featuring Gupse Özay
s979,lighthearted stories about love
s979,comedy movies from 2014
s3702,international comedies 2019
s3702,movies with Vijay Sethupathi
s3702,dramas about identity and stigma
s3702,films set in India
s3702,adult rated movies
s8342,dramas about civil rights struggle
s8342,inspiring movies with strong female leads
s8342,films featuring Emma Stone
s8342,stories set in 1960s Mississippi
s8342,movies rated PG-13
s3550,family comedies from Chile
s3550,inspirational sports dramas
s3550,films by Alejandro Fernández Almendras
s3550,movies about friendship and soccer
s3550,PG rated films for kids
s6086,musicals set in the 1960s
s6086,romantic dramas with Beatles music
s6086,films featuring Evan Rachel Wood
s6086,love stories during political upheaval
s6086,movies rated PG-13 for teens
s2728,crime docuseries on justice system
s2728,intense documentaries for adults
s2728,shows about drug scandals
s2728,true crime series from the US
s2728,2020 limited series
s7971,historical documentaries
s7971,family friendly movies
s7971,films featuring Samuel West
s7971,stories about royal families
s7971,Althorp House tours
s443,kids comedies series
s443,funny family shows
s443,animated series with dogs
s443,kids shows added in 2021
s443,TV-Y7 rated content
s7258,Mexican crime series
s7258,inspiring stories with happy endings
s7258,shows starring Milia Nader
s7258,positive character dramas
s7258,TV shows from 2010
s4706,romantic dramas set during WWII
s4706,movies starring Lily James
s4706,feel good films about book clubs
s4706,films set in the UK
s4706,family friendly historical movies
s5459,kids shows with superheroes
s5459,Korean series for younger viewers
s5459,shows starring Sang-hyun Um
s5459,animal themed adventure stories
s5459,family friendly series released in 2016
s1280,documentaries about art cons
s1280,international movies from Canada
s1280,films directed by Barry Avrich
s1280,true stories about forgery
s1280,movies rated TV 14
s3912,indian thrillers with music
s3912,movies starring Koena Mitra
s3912,crime stories about scams
s3912,international movies from 2005
s3912,films rated TV-14
s801,independent dramas about youth
s801,teen movies with LGBTQ themes
s801,films by Aurora Guerrero
s801,coming of age stories
s801,movies added in 2021
s5601,german dramas
s5601,emotional independent movies
s5601,features with Peter Kurth
s5601,stories about aging and illness
s5601,films from 2015
s3024,international thrillers with Luis Tosar
s3024,dramas about revenge
s3024,movies by Paco Plaza
s3024,films set in Spain or France
s3024,tv ma rated films
s8173,kids comedy series
s8173,funny animated shows
s8173,Dheeraj Berry directed series
s8173,stories with clever birds
s8173,Indian shows for children
s6318,action comedies from Vietnam
s6318,funny international movies to watch
s6318,movies with Kate Nhung
s6318,heist stories about hackers
s6318,films from 2016 rated TV-14
s6226,comedy dramas about marriage
s6226,films with Zoe Lister-Jones
s6226,movies about relationships and music
s6226,independent movies from 2017
s6226,rated R movies
s8680,kids shows with robots
s8680,adventurous series for children
s8680,Vidit Kumar animated shows
s8680,humanoid robot stories
s8680,family-friendly series from 2010s
s8472,documentaries about ancient civilizations
s8472,educational series with nature themes
s8472,shows featuring experts in science
s8472,interesting series from Canada
s8472,family friendly shows rated TV PG
s3734,stand up comedy specials
s3734,funny movies for adults
s3734,films with Adam Devine
s3734,movies about teenage awkwardness
s3734,comedies set in Omaha
s5831,psychological thrillers 2016
s5831,movies with Fran Kranz
s5831,intense dramas about friendship
s5831,films featuring suburban life
s5831,mature rated thrillers
s1979,psychological thrillers set in the 1940s
s1979,dark themed dramas with Sarah Paulson
s1979,mystery series with strong female leads
s1979,TV shows about psychiatric hospitals
s1979,horror shows rated TV-MA
s7031,lgbtq comedies
s7031,funny revenge movies
s7031,films with RuPaul
s7031,drag queen storylines
s7031,independent films from 2016
s703,dramas with bipolar disorder theme
s703,comedies with Bradley Cooper
s703,movies from 2012
s703,independent films about healing
s703,spirited widow stories
s467,reality series about life changes
s467,shows with strong female leads
s467,lifestyle programs featuring family dynamics
s467,documentaries on cultural transitions
s467,TV shows from 2021 for adults
s6631,horror movies with witches
s6631,films featuring Katee Sackhoff
s6631,psychological thrillers about addiction
s6631,international horror films from 2016
s6631,movies rated R for adult audiences
s2358,reality competition series
s2358,fun family shows for kids
s2358,TV shows featuring Rutledge Wood
s2358,lighthearted shows about teamwork
s2358,new entertainment from 2020
s7669,documentaries about Iraq War
s7669,intimate war stories
s7669,films featuring Michael Ware
s7669,international movies released in 2015
s7669,mature rated films
s2986,comedy movies from india
s2986,romantic films with quirky plots
s2986,movies starring Rajkummar Rao
s2986,films about love letters
s2986,lighthearted movies rated tv-14
s811,action adventure movies from 1980s
s811,cult films with Diane Lane
s811,movies featuring Willem Dafoe
s811,stories about motorcycle gangs
s811,PG rated classic action movies
s8411,documentaries about different diets
s8411,informative movies with health themes
s8411,films featuring Pete Evans
s8411,movies on ketogenic diet impact
s8411,health documentaries from 2017
s2405,international horror series
s2405,mature dramas with family themes
s2405,shows featuring Valeria Bilello
s2405,teen dramas with mystery elements
s2405,italian shows from 2020
s8515,polish dramas with a mysterious plot
s8515,films directed by Krzysztof Zanussi
s8515,psychological thrillers set in winter
s8515,international movies rated TV-MA
s8515,1970s independent films
s1031,family comedies from the philippines
s1031,teen drama movies about sibling bonds
s1031,films featuring Alexa Ilacad
s1031,movies about saving parents marriage
s1031,tv ma rated family films
s3927,romantic comedies with high school themes
s3927,funny movies for teens
s3927,films starring Noah Centineo
s3927,movies about fake dating
s3927,teen movies released in 2019
s2870,stand up comedy movies
s2870,funny family stories
s2870,Amit Tandon comedy
s2870,parenting issues in comedy
s2870,Indian movies with TV-14 rating
s4650,international dramas about resistance
s4650,serious films set in occupied Amsterdam
s4650,movies starring Barry Atsma
s4650,stories of wartime defiance
s4650,films from the Netherlands 2018
s6386,historical dramas about spiritual journeys
s6386,TV shows with Himanshu Soni
s6386,family friendly series
s6386,international shows set in ancient times
s6386,TV dramas rated TV-PG
s8217,British docuseries featuring bomb disposal teams
s8217,intense war documentaries on Netflix
s8217,shows starring Christopher Eccleston
s8217,programs about Afghanistan conflict
s8217,TV-MA British shows released in 2011
s3768,children family movies
s3768,inspirational dramas
s3768,films starring Dieter Hallervorden
s3768,teen character with health struggles
s3768,german language family films
s1690,dramas about interracial marriage
s1690,romantic films from the 2010s
s1690,movies featuring Ruth Negga
s1690,historical films set in the 1950s
s1690,films rated PG-13
s3822,kids series set in Beanotown
s3822,funny shows for young viewers
s3822,Freddie Fox family shows
s3822,adventures with a dog and friends
s3822,British animated kids TV from 2017
s3668,animated kids series about aliens
s3668,sci-fi adventure for younger audience
s3668,shows featuring Tatiana Maslany
s3668,teen aliens on Earth story
s3668,family friendly series from 2019
s2174,teen comedies from 2000
s2174,shows with Brandy Norwood
s2174,high school family dynamics
s2174,lighthearted series for kids
s2174,TV-PG rated shows
s6718,romantic series from China
s6718,lighthearted shows with a love theme
s6718,shows starring Tony Yang
s6718,TV comedies about former relationships
s6718,shows for teens rated TV-14
s2759,sports documentaries about fighters
s2759,inspirational films for adults
s2759,movies featuring Ronda Rousey
s2759,stories about martial arts legends
s2759,recent releases from Canada
s7008,classic dramas from Poland
s7008,movies about workplace struggles
s7008,films with Marek Kondrat
s7008,international movies from the 70s
s7008,mature films with strong themes
s6843,action comedies from 2000s
s6843,movies with Steve Carell
s6843,spy movies with humor
s6843,films rated pg-13 for families
s6843,adventure films featuring agents
s6504,sci-fi action movies
s6504,tense horror films
s6504,films starring Lizzy Caplan
s6504,monster attacks in New York
s6504,2000s thriller movies
s723,documentaries about Vietnam War
s723,historical films with military themes
s723,movies starring Troy Garity
s723,antiwar activism documentaries
s723,documentaries from 2000s
s6138,crime dramas about justice system
s6138,shows with Felicity Huffman
s6138,anthology series released in 2017
s6138,TV shows tackling American life
s6138,mature rated dramas
s6380,thrillers with Richard Gere
s6380,intense dramas about cops
s6380,movies directed by Antoine Fuqua
s6380,films set in New York
s6380,rated R police crime movies
s1772,docuseries about Afro-Brazilian culture
s1772,inspiring shows with diverse thinkers
s1772,series featuring Juliana Vicente
s1772,exploration of community and representation
s1772,international shows from Brazil
s5440,korean romantic series
s5440,time travel shows
s5440,dramas with Seung-yeon Gong
s5440,tv-ma rated content
s5440,international shows added in 2017
s7254,italian comedies from 2016
s7254,funny movies about traveling
s7254,films with Massimo Boldi
s7254,movies about soccer trips
s7254,international movies rated TV-MA
s2529,korean horror shows
s2529,thrilling series for adults
s2529,shows with Lee Dong-wook
s2529,crime fiction writer plot
s2529,international shows from south korea
s1698,reality competition series
s1698,suspenseful adventure shows
s1698,series with Jeff Probst
s1698,survival themed reality TV
s1698,US shows from 2014
s4734,action comedies from India
s4734,movies starring Akshay Kumar
s4734,films about con men and secrets
s4734,international movies rated TV-14
s4734,2012 action films
s3921,romantic TV comedies
s3921,comedy series about love
s3921,shows with Rachel Bloom
s3921,2019 shows about obsession
s3921,California romantic series
s2792,inspirational shows about female entrepreneurs
s2792,drama series based on true stories
s2792,Octavia Spencer performances
s2792,stories of self made millionaires
s2792,series about African American culture
s6426,comedy movies with Will Ferrell
s6426,funny films with a cowboy theme
s6426,movies from 2012 about family struggles
s6426,Spanish language comedies
s6426,films rated R for adult humor
s6886,teen dramas set in New York
s6886,shows featuring Blake Lively
s6886,high society storylines
s6886,TV shows about rich kids
s6886,dramas rated TV-14
s5644,children movies with superheroes
s5644,adventure films for kids
s5644,movies featuring Troy Baker
s5644,movies about villains and heroes
s5644,2010s animated family movies
s2276,romantic series from Thailand
s2276,comedy shows about family drama
s2276,Peemapol Panichtamrong performances
s2276,plots involving rival families
s2276,2020 international tv shows
s6852,action movies with Nana Patekar
s6852,drama films from the late 90s
s6852,crime stories about gangsters
s6852,international movies in Hindi
s6852,movies rated tv-ma
s3345,reality shows about drag competition
s3345,entertaining TV series for adults
s3345,shows featuring the Boulet Brothers
s3345,series with fierce drag queens
s3345,US based reality TV from 2019
s8301,international comedies
s8301,christmas movies for adults
s8301,films by Rodrigo Van Der Put
s8301,stories about Jesus with a twist
s8301,brazilian movies from 2019
s7626,international documentaries about Auschwitz
s7626,emotional movies on survival stories
s7626,films by Dana Doron and Uriel Sinai
s7626,documentaries exploring Holocaust history
s7626,2010s movies with a TV PG rating
s7694,animated crime comedies
s7694,funny shows set in Australia
s7694,Rob Sitch series
s7694,satirical shows about crime
s7694,TV shows from 2016
s571,action movies with dragons
s571,fantasy films based on games
s571,movies starring Wang Kai
s571,historical war dramas
s571,2021 international action films
s2370,classic dramas from Egypt
s2370,films featuring Omar Sharif
s2370,stories about love and loss
s2370,international movies from the 1950s
s2370,TV-14 rated drama movies
s8105,documentaries about LGBTQ dance culture
s8105,movies from the 2010s
s8105,films directed by Ester Gould
s8105,international documentaries on Madonna
s8105,TV-MA rated movies
s321,ufos and extraterrestrial mysteries docuseries
s321,family friendly shows about aliens
s321,educational series on unidentified objects
s321,2021 docuseries about secret government projects
s321,tv shows rated tv-pg
s7953,family movies about mermaids
s7953,films featuring Emmy Perry
s7953,children's movies from 2017
s7953,lighthearted stories for kids
s7953,adventure movies rated PG
s3250,Thai comedies about friendship
s3250,TV shows with ensemble casts
s3250,dramas with romantic themes
s3250,series featuring financial struggles
s3250,international shows from 2019
s4144,international crime dramas
s4144,dark detective series
s4144,shows with Alexander Petrov
s4144,virtual reality thrillers
s4144,russian shows rated TV-MA
s2766,stand up comedy series
s2766,funny shows from India
s2766,Niveditha Prakasam performances
s2766,female comedians show
s2766,tv ma rating content
s674,reality series from Argentina
s674,Spanish language fashion shows
s674,Santiago Artemis shows
s674,dramas about personal growth
s674,mature content international TV
s2193,anime series for kids
s2193,action shows with robots
s2193,Jake Foushee voice acting
s2193,series about civil wars
s2193,shows added in 2020
s5737,family comedies for kids
s5737,movies about singing dogs
s5737,films with John Ratzenberger
s5737,adventures set in Canada
s5737,G rated children movies
s8602,documentaries about music culture
s8602,films exploring fan interactions
s8602,Kyoko Miyake directed movies
s8602,international movies set in Tokyo
s8602,tv-14 rated documentaries
s7151,independent comedies with strong women characters
s7151,feel good dramas about family visits
s7151,movies starring Amy Adams
s7151,stories set in small towns
s7151,2000s films rated R
s3243,docuseries about drug trade
s3243,gritty crime shows to watch
s3243,new shows added in 2019
s3243,series set in diverse locations
s3243,mature rated docuseries
s2209,children and family movies with music
s2209,funny animated movies for kids
s2209,films directed by Greg Rankin
s2209,stories about magical creatures
s2209,animated movies added recently
s6572,international crime series
s6572,dark thrillers with murder
s6572,shows featuring Pan Yueming
s6572,detective storylines in China
s6572,adult rated TV dramas
s5103,sports comedies
s5103,funny movies for adults
s5103,movies with Seann William Scott
s5103,hockey retirement story
s5103,canadian films from 2016
s4078,Filipino music dramas
s4078,romantic movies with musicians
s4078,films starring Piolo Pascual
s4078,stories about love and careers
s4078,2015 international movies
s8673,comedy movies from India
s8673,movies about love and family
s8673,films starring Pulkit Samrat
s8673,romantic dramas with humor
s8673,2018 Indian movies rated for teens
s6456,reality shows about weddings
s6456,lighthearted series from Australia
s6456,Melanie Vallejo shows
s6456,budget-friendly wedding themes
s6456,international reality TV series
s4700,stand-up comedy movies
s4700,funny performances from Korea
s4700,Yoo Byung Jae specials
s4700,movies about social issues
s4700,South Korean films from 2018
s1466,kids series with ghosts
s1466,family friendly comedies
s1466,shows starring Amber Frank
s1466,new orleans fantasy shows
s1466,tv shows with g rating
s2731,Indian romantic dramas
s2731,movies with Amitabh Bachchan
s2731,films about forbidden love
s2731,romantic movies from 2006
s2731,TV-14 rated international films
s2546,cult comedies from the 90s
s2546,funny movies with Aamir Khan
s2546,action adventures about love and schemes
s2546,movies in Hindi
s2546,family friendly films rated TV-14
s7402,independent dramas with family themes
s7402,movies featuring Kalki Koechlin
s7402,international films from India
s7402,films about business struggles
s7402,teen friendly dramas rated TV-14
s5686,independent comedies
s5686,movies about dying parents
s5686,films starring Jesse Plemons
s5686,drama with a sad tone
s5686,new releases from 2016
s5484,independent romantic films
s5484,drama movies about friendship
s5484,films featuring Jena Malone
s5484,movies set on road trips
s5484,2016 movies rated tvma
s2710,action comedies with kids
s2710,movies starring Ed Helms
s2710,films about crime conspiracies
s2710,funny movies set in Detroit
s2710,new releases rated TV-MA
s7421,action thrillers from South Korea
s7421,intense films with Byung-hun Lee
s7421,movies about corporate fraud
s7421,international adventure films
s7421,new releases from 2016
s5900,stand up comedy special
s5900,funny movies with guitar
s5900,films directed by Jay Karas
s5900,comedy about hairless cats
s5900,new releases from 2015
s4419,classic dramas
s4419,films about legacy
s4419,Orson Welles movies
s4419,independent films from 2018
s4419,R rated movies
s8792,independent comedies
s8792,movies starring Charlize Theron
s8792,films about reconnecting with exes
s8792,dramas set in small towns
s8792,new movies rated R
s5891,stand up comedy films
s5891,dark humor specials
s5891,movies featuring Anthony Jeselnik
s5891,provocative comedies about tragedies
s5891,rated TV MA comedies
s4125,Spanish dramas with dark themes
s4125,movies featuring Úrsula Corberó
s4125,independent films about family secrets
s4125,new international releases from 2018
s4125,mature rated movies with complex narratives
s3739,documentaries about refugee experiences
s3739,emotional films about childhood trauma
s3739,movies directed by John Haptas
s3739,stories about illness and resilience
s3739,Sweden films in English
s2273,indian thrillers from 2015
s2273,drama movies with Ajay Devgn
s2273,suspense films about murder
s2273,international movies rated TV-14
s2273,serious adult dramas
s1415,indonesian dramas with music
s1415,heartwarming comedies about love
s1415,films by Charles Gozali
s1415,movies featuring JKT48
s1415,2020 releases rated TV-14
s5200,family comedies for kids
s5200,movies with Kaitlyn Maher
s5200,animal competition themed films
s5200,PG rated children movies
s5200,Canadian movies from 2017
s5047,action adventure series
s5047,thriller shows with conspiracy elements
s5047,series starring Christina Ochoa
s5047,dramas set in military contexts
s5047,TV shows rated TV-14
s924,kids animated series
s924,adventures with animals
s924,shows featuring Henry Keane
s924,family friendly content
s924,new kids shows from 2021
s7503,kids series with math skills
s7503,fun educational shows for children
s7503,TV shows featuring young actors
s7503,family friendly series from Canada
s7503,animated kids shows released in 2012
s483,docuseries with Peter Dinklage
s483,dark comedies about dictatorships
s483,TV shows released in 2021
s483,educational series for adults
s483,TV-MA rated political shows
s8466,romantic comedies with Julia Stiles
s8466,lighthearted movies about princes
s8466,films directed by Martha Coolidge
s8466,college romance movies
s8466,PG rated family films
s1120,horror movies with bears
s1120,action thrillers featuring brothers
s1120,movies starring James Marsden
s1120,films set in the Alaskan wilderness
s1120,rated R adventure films
s1580,teen comedies on netflix
s1580,shows with Gabriel Iglesias
s1580,hilarious teacher storylines
s1580,family friendly series
s1580,2020 comedy shows
s6309,family comedies for kids
s6309,movies with Ricky Garcia
s6309,films about liars and truth
s6309,children's movies from 2017
s6309,funny movies for family viewing
s1659,Egyptian comedies
s1659,shows about school owners
s1659,Adel Imam movies
s1659,TV shows with strong female leads
s1659,international series from 2020
s7837,international dramas with suspense
s7837,movies starring Mahmoud Abdel Moghny
s7837,films about serial killers
s7837,Egyptian movies from 2011
s7837,TV-14 rated thrillers
s6815,family sports drama movies
s6815,inspirational stories about recovery
s6815,movies with Jennifer Beals
s6815,child friendly films
s6815,films from 2015
s4356,independent dramas from 2018
s4356,feel good movies about friendship
s4356,films directed by Alice Rohrwacher
s4356,Italian rural stories on screen
s4356,PG-13 movies for teens
s6016,LGBTQ comedies
s6016,funny movies about friendship
s6016,films with Chord Overstreet
s6016,stories about coming out
s6016,2015 releases
s643,Japan drama series about the 80s
s643,funny shows with Takayuki Yamada
s643,TV shows rated TV MA
s643,international dramas with unique plots
s643,series about revolutionizing industries
s3972,reality shows about love
s3972,lighthearted romantic series
s3972,shows featuring Becky
s3972,Asian travel dating shows
s3972,international shows for adults
s3941,international crime series
s3941,dark dramatic thrillers
s3941,shows starring Hanna Ardéhn
s3941,teen murder trial plot
s3941,Swedish shows from 2019
s6011,documentaries about women's rights
s6011,spiritual themed films for teens
s6011,movies directed by female filmmakers
s6011,stories about Muslim activists
s6011,TV PG documentaries from Canada
s4797,thrillers from India
s4797,dramas that explore infidelity
s4797,movies featuring Sanjay Suri
s4797,films about life and death
s4797,international movies rated TV-14
s5394,international dramas with strong female leads
s5394,thrillers about uncovering family secrets
s5394,series starring Jeanette Aw
s5394,shows with a suspenseful plot
s5394,tv-14 rated dramas
s2589,kids comedies with science themes
s2589,family friendly shows with Kayne Tremills
s2589,new kids series from Canada
s2589,comedy shows about gross things
s2589,TV shows for children rated TV-G
s5612,stand up comedy movies
s5612,funny political performances
s5612,films featuring Beppe Grillo
s5612,Italian comedy about controversy
s5612,movies from 2017
s8463,documentaries about 80s cartoons
s8463,feel good films for teens
s8463,movies by Randall Lobb
s8463,history of classic action figures
s8463,films from Canada and USA
s127,indian romantic dramas
s127,emotional stories of resilience
s127,films by Vidhu Vinod Chopra
s127,refugee camp love stories
s127,movies set in India
s6813,documentaries about polar regions
s6813,family friendly adventure films
s6813,movies featuring David Attenborough
s6813,nature documentaries with wildlife
s6813,UK and US films from 2011
s7177,award winning docuseries
s7177,historical documentaries
s7177,shows by Ken Burns
s7177,American political history
s7177,shows rated TV-PG
s1173,stand-up comedy from South Africa
s1173,funny shows about race and politics
s1173,movies featuring Loyiso Gola
s1173,comedies from 2021
s1173,mature humor specials
s6827,dramas set in 1800s New York
s6827,Martin Scorsese films
s6827,movies with Daniel Day-Lewis
s6827,violent revenge stories
s6827,rated R historical dramas
s8674,documentaries about infertility
s8674,movies set in Las Vegas
s8674,films directed by Amanda Micheli
s8674,stories about fertility contests
s8674,TV-14 rated documentaries
s5466,international dramas with suspense
s5466,shows featuring Hugo Ng
s5466,plots about mysterious job offers
s5466,teen-friendly series from Singapore
s5466,2016 TV shows with rich themes
s7457,lgbt independent dramas
s7457,biopics about politicians
s7457,movies with Sean Penn
s7457,films set in San Francisco
s7457,R rated historical movies
s2756,dramas about indigenous struggles
s2756,sports movies with a serious tone
s2756,films by Stephen S Campanelli
s2756,hockey-themed stories about heritage
s2756,canadian movies from 2017
s7628,anime series about demons
s7628,crime shows with supernatural elements
s7628,jun fukuyama voice acting
s7628,teenage destiny adventure series
s7628,japanese shows from 2010s
s6436,Norwegian thrillers
s6436,movies about friendship under pressure
s6436,films with Heidi Toini
s6436,action and adventure films
s6436,international movies rated TV-MA
s3510,intense romantic dramas
s3510,movies starring Shahid Kapoor
s3510,films about turbulent relationships
s3510,Indian movies from 2019
s3510,movies with mature content
s1139,historical dramas about World War II
s1139,intense films featuring Adrien Brody
s1139,independent movies from the 2000s
s1139,survival stories set in Europe
s1139,international movies rated R
s3027,action adventure films
s3027,intense crime dramas
s3027,movies with Armand Assante
s3027,films about drug cartels
s3027,independent movies from 2019
s4479,kids shows with spooky stories
s4479,family friendly comedies
s4479,movies with Hugh Laurie
s4479,haunted castle themes
s4479,TV PG shows for children
s1637,family movies with dance themes
s1637,inspiring documentaries from 2020
s1637,films featuring Debbie Allen
s1637,children's movies about performing arts
s1637,PG rated films for kids
s4652,kids tv shows about robots
s4652,adventure series with Transformers
s4652,shows featuring Peter Cullen
s4652,animated series with Autobots and Decepticons
s4652,2010s animated series for children
s38,kids comedies from Finland
s38,adventures with birds and pigs
s38,shows featuring Antti Pääkkönen
s38,family friendly series for young viewers
s38,animated series released in 2018
s7188,international crime series
s7188,teen dramas with rich characters
s7188,shows featuring Vikas Kumar
s7188,crime drama with police officer
s7188,violent shows from India
s8596,independent dramas with sci-fi elements
s8596,feel-good family movies
s8596,films starring Clayne Crawford
s8596,stories about inventors and family
s8596,movies from 2018 rated TV-14
s7168,international dramas from India
s7168,romantic movies with deep secrets
s7168,films directed by Dhilip Kumar
s7168,science themed dramas
s7168,new movies added in 2018
s2715,anime features with heartfelt themes
s2715,feel good movies for teens
s2715,films starring Yui Ishikawa
s2715,scifi movies set in schools
s2715,japanese films from 2019
s5117,food documentaries
s5117,inspiring chef stories
s5117,films featuring Anthony Bourdain
s5117,American cuisine history films
s5117,documentaries from 2016
s7559,independent dramas
s7559,thought provoking films
s7559,movies with Karim Saleh
s7559,stories about immigrant struggles
s7559,2016 movies
s1844,horror movies about online stalking
s1844,suspenseful films with young adults
s1844,Levan Gabriadze directed films
s1844,thrillers about cyberbullying consequences
s1844,2010s horror films
s5183,documentaries about police violence
s5183,serious films about community struggles
s5183,movies directed by John Ridley
s5183,L A history documentaries
s5183,films rated TV MA
s1085,anime series with romance elements
s1085,international shows with a dark theme
s1085,series featuring Jiang Guangtao
s1085,supernatural stories about divine beings
s1085,Chinese shows for teens
s8551,Egyptian dramas with love triangles
s8551,action adventure films 2015
s8551,movies starring Mona Zaki
s8551,inspirational stories about overcoming challenges
s8551,international movies rated TV-14
s6289,documentaries about pyramid schemes
s6289,inspired by real events movies
s6289,films featuring William Ackman
s6289,financial documentaries
s6289,movies from 2017
s3077,korean romantic series
s3077,lighthearted shows for teens
s3077,films with Shin Sae-kyeong
s3077,fantasy plot with gods
s3077,international shows from 2017
s8290,independent sci-fi thrillers
s8290,dark themed movies about cults
s8290,films with Aaron Moorhead
s8290,brotherly bond after escaping cult
s8290,movies released in 2017
s6418,documentaries about wealth inequality
s6418,thought provoking films
s6418,directed by Justin Pemberton
s6418,exploring social consequences of wealth
s6418,French language documentaries
s6136,dramas about midlife crises
s6136,movies with Kevin Spacey
s6136,films featuring teenage obsession
s6136,dark films from the late 90s
s6136,R rated movies
s2062,children family movies with music
s2062,animated films for young kids
s2062,films featuring America Young
s2062,stories about princesses and magic
s2062,new kids movies from 2020
s3860,LGBTQ documentaries
s3860,feel-good family stories
s3860,films by Hao Wu
s3860,Chinese American acceptance themes
s3860,2019 movies with LGBTQ themes
s7565,action adventure films for family
s7565,movies featuring Nicolas Cage
s7565,treasure hunting stories
s7565,films set in the United States
s7565,PG rated movies
s1679,Indian thrillers with serial killers
s1679,movies starring Nawazuddin Siddiqui
s1679,crime drama with a corrupt cop
s1679,thrillers from the last decade
s1679,dark movies rated TV-MA
s5489,kids adventure series
s5489,funny shows for younger audiences
s5489,series with Danny Jacobs
s5489,lemur kingdom adventure
s5489,family-friendly animated series
s7718,indian dramas about family struggles
s7718,comedy films with Saikumar
s7718,movies exploring greed and relationships
s7718,international films added in 2018
s7718,tv 14 rated movies
s5405,crime shows set in Singapore
s5405,intense dramas about cold cases
s5405,shows featuring Chen Hanwei
s5405,TV series with mature themes
s5405,international crime series from 2016
s6,horror series with religious themes
s6,scary shows with strong plot twists
s6,dramas starring Kate Siegel
s6,mystery series set in a small town
s6,2021 shows rated TV-MA
s6039,documentaries about conspiracy theories
s6039,dark films with real life stories
s6039,movies directed by Erik Nelson
s6039,films about tragic family events
s6039,documentaries from the 2010s
s3343,international reality series
s3343,feel good shows set in Japan
s3343,programs with Tan France
s3343,self discovery themed series
s3343,TV shows added in 2019
s5001,docuseries about police challenges
s5001,serious shows set in Michigan
s5001,Flint documentary series
s5001,TV-MA rated shows
s5001,documentaries from 2018
s199,nigerian crime series
s199,dramas about revenge and power
s199,shows featuring Sola Sobowale
s199,international dramas with strong female leads
s199,2021 TV dramas rated TV-MA
s1142,thrillers with Amitabh Bachchan
s1142,emotional dramas for adults
s1142,Farhan Akhtar movies
s1142,detective stories about conspiracies
s1142,international films from India
s3749,Spanish crime series
s3749,dark thrillers based on real events
s3749,shows with Guillermo Iván
s3749,stories about drug cartels
s3749,TV-MA international shows
s8621,canadian documentaries about entrepreneurs
s8621,family friendly films for the holidays
s8621,movies by Jon Reiner
s8621,Christmas tree sales in New York
s8621,2015 movies with TV PG rating
s8195,spanish comedies with a serious tone
s8195,drama movies about faith and conflict
s8195,films directed by Federico Veiroj
s8195,international movies from 2015
s8195,80 minute movies for adults
s7969,korean romantic series
s7969,shows with Hee-ae Kim
s7969,middle-aged woman romance
s7969,international TV shows
s7969,TV-14 rated series
s3170,dramas about family struggles
s3170,movies featuring Adam Driver
s3170,intense films on marriage breakdown
s3170,UK US co-productions
s3170,films rated R
s2473,horror series with zombies
s2473,action adventure shows from India
s2473,Viineet Kumar TV shows
s2473,supernatural themes in new series
s2473,TV-MA shows with curses
s591,anime series for kids
s591,family shows with magical powers
s591,series featuring strong female leads
s591,adventure stories about friendship
s591,kids programming from 2016
s2488,egyptian comedies
s2488,funny dramas about siblings
s2488,films with Ahmed Zaki
s2488,movies about preventing divorce
s2488,1970s international films
s8615,cult comedies from the 90s
s8615,dark drama films about addiction
s8615,movies featuring Ewan McGregor
s8615,British films about friendship and drugs
s8615,rated R movies set in the UK
s5738,horror movies with secrets
s5738,chilling thrillers to watch
s5738,films starring Ruth Wilson
s5738,nurse caring for novelist
s5738,canadian horror films from 2016
s866,action thrillers from 2014
s866,dark dramas with Arnold Schwarzenegger
s866,films about heists and betrayals
s866,mature movies with intense violence
s866,deals with drug enforcement agents
s7277,movies for kids learning numbers
s7277,family friendly educational films
s7277,Ron Myrick directed movies
s7277,counting adventure in Numberland
s7277,animated films from 2011
s4977,stand up comedy specials
s4977,funny shows to watch
s4977,Nate Bargatze stand up
s4977,hilarious anecdotes series
s4977,comedy shows set in LA
s8053,action adventure movies in Spanish
s8053,sci-fi films with Emilia Clarke
s8053,space stories with Han Solo
s8053,family friendly movies rated PG-13
s8053,films featuring space smugglers
s699,independent dramas from the philippines
s699,dark movies about fame
s699,films featuring charlie dizon
s699,romantic stories with unexpected twists
s699,2020 foreign language movie
s7547,dramas about daughters and parents
s7547,emotional films with Cameron Diaz
s7547,movies involving medical legal battles
s7547,films from 2009 with a strong theme
s7547,family rated pg 13
s5426,crime dramas set in the 60s
s5426,shows starring David Duchovny
s5426,political thrillers about Charles Manson
s5426,mature series with drug themes
s5426,TV shows about Los Angeles
s7597,children family movies
s7597,funny animated features
s7597,movies featuring polar bears
s7597,adventures with stolen artifacts
s7597,2019 family films
s1290,documentaries about music
s1290,family friendly films
s1290,movies with Glenn Fredly
s1290,concert films featuring Indonesian artists
s1290,international movies from 2020
s1318,British reality shows about baking
s1318,family friendly cooking series
s1318,shows with Nadiya Hussain
s1318,cozy baking themes
s1318,international shows from 2021
s6615,action films from the 1980s
s6615,movies featuring Gordon Liu
s6615,Shaolin monk themes
s6615,international action adventure
s6615,movies for teens
s4876,sci-fi thrillers from 2018
s4876,movies with Clive Owen
s4876,films about lost privacy
s4876,dark dramas set in the future
s4876,rated tv ma movies
s5580,independent dramas about hazing
s5580,intense movies with Alfre Woodard
s5580,films exploring brotherhood themes
s5580,college setting movies released recently
s5580,mature rated films for teens
s1715,horror movies from 2008
s1715,teen slasher films
s1715,movies with Brittany Snow
s1715,prom night thrillers
s1715,horror films rated PG-13
s2736,romantic comedies from India
s2736,feel good movies for teens
s2736,movies featuring Shahid Kapoor
s2736,story about wedding planning
s2736,films added in 2020
s5380,stand up comedy movies
s5380,humorous films about daily life
s5380,movies featuring Tom Segura
s5380,comedy specials from 2014
s5380,adult comedy with mature themes
s8567,canadian thrillers from 2017
s8567,suspenseful movies with a dark secret
s8567,films with Daphne Zuniga
s8567,teen girl gone missing
s8567,movies rated tv 14
s6115,documentaries about dancing
s6115,feel good dance movies
s6115,films by Susan Glatzer
s6115,swing dancing themes
s6115,movies from Sweden
s4367,international crime series
s4367,dramatic shows about domestic abuse
s4367,Paz Vega TV shows
s4367,Spanish-language thrillers
s4367,2018 TV dramas
s2202,docuseries about college football
s2202,inspirational sports series to binge
s2202,shows featuring John Franklin III
s2202,stories about second chances in sports
s2202,American series released in 2020
s5488,comedy movies with strong female leads
s5488,feel good films about adventures
s5488,movies starring Shirley MacLaine
s5488,films about unexpected windfalls
s5488,movies set in the Canary Islands
s7498,children family movies 2016
s7498,funny kids movies about friendship
s7498,films featuring voice of Kate Higgins
s7498,adventures set in ocean
s7498,animated features for younger audiences
s7260,international thrillers about crime
s7260,dramatic films from India
s7260,movies featuring Randeep Hooda
s7260,stories about greed and crime
s7260,TV-14 rated dramas
s6902,anime series about assassins
s6902,crime shows with strong female leads
s6902,Yuuka Nanri voice acting roles
s6902,stories featuring orphaned girls
s6902,Japanese series from 2008
s2085,family dramas about homelessness
s2085,feel good teen movies
s2085,films with Auli'i Cravalho
s2085,stories about accepting help
s2085,2020 movies rated PG
s7105,comedies about love and marriage
s7105,lighthearted international musicals
s7105,movies with Mohamed Ramadan
s7105,films featuring a belly dancer
s7105,2010s romantic comedies
s3212,south african dramas
s3212,movies about apartheid
s3212,films featuring Thabo Rametsi
s3212,inspirational stories of freedom fighters
s3212,movies from 2016
s4120,Belgian crime series
s4120,international dramas with dark themes
s4120,shows featuring Yoann Blanc
s4120,murder mysteries with small town settings
s4120,tv ma rated series
s6734,Indian action films
s6734,intense dramas
s6734,Sanjay Jadhav movies
s6734,stories about revenge
s6734,movies from 2011
s3856,crime dramas from Lebanon
s3856,murder mysteries with twist
s3856,shows featuring Bassel Khayyat
s3856,thrilling plots about writers
s3856,tv series added in 2019
s4508,biographical dramas from India
s4508,films with Ranbir Kapoor
s4508,movies about addiction and recovery
s4508,intense dramas rated TV-MA
s4508,international movies released in 2018
s8809,romantic dramas set in the 1920s
s8809,thrillers featuring Jennifer Lawrence
s8809,movies directed by Susanne Bier
s8809,stories about building an empire
s8809,drama films from the 2010s
s5280,stand-up comedy specials
s5280,funny shows with audience interaction
s5280,movies starring Fabrizio Copano
s5280,humorous takes on family groups
s5280,Chilean films released in 2017
s4634,anime series about space wars
s4634,shows with Japanese audio
s4634,programs featuring Kouki Uchiyama
s4634,stories about independence battles
s4634,TV shows rated TV-PG
s1238,Indonesian romantic comedies
s1238,feel good movies for teens
s1238,films directed by Fajar Bustomi
s1238,love stories with family pressure
s1238,2020 movies rated TV-14
s2556,sci-fi movies from UAE
s2556,international films about aliens
s2556,movies featuring mansour al felei
s2556,fantasy movies set in dubai
s2556,teen friendly sci-fi features
s2329,family movies about strong girls
s2329,films featuring Teresa Palmer
s2329,movies based on true stories
s2329,Australian dramas for kids
s2329,PG rated independent films
s648,reality series about luxury homes
s648,family friendly shows about real estate
s648,shows featuring the Kretz family
s648,international property buying series
s648,2021 shows set in France
s3489,Spanish crime series
s3489,intense thrillers with gang infiltration
s3489,shows featuring Ignacio Serricchio
s3489,prison dramas about undercover operations
s3489,international shows added in 2019
s213,international dramas set in Ireland
s213,TV shows about women in conflict
s213,series with Charlie Murphy
s213,historical shows about World War I
s213,mature rated period dramas
s5931,ocean documentaries
s5931,inspirational environmental films
s5931,movies with Sylvia Earle
s5931,films about saving oceans
s5931,documentaries from 2014
s5617,action movies with Shah Rukh Khan
s5617,romantic dramas from India
s5617,films directed by Rohit Shetty
s5617,stories about second chances in love
s5617,bollywood movies released in 2015
s2380,independent comedies from the UK
s2380,quirky movies starring Aubrey Plaza
s2380,films about reconnecting with past lovers
s2380,2018 movies with a unique plot
s2380,rated R comedies for adults
s5932,sports documentaries
s5932,inspirational true stories
s5932,Kurt Russell films
s5932,baseball underdog tales
s5932,documentaries from 2014
s2283,comedy dramas from India
s2283,lighthearted films about dance competitions
s2283,movies with Abhay Deol
s2283,films featuring intersecting lives
s2283,international movies released in 2014
s77,anime series about cycling
s77,inspirational sports shows for teens
s77,Daiki Yamashita anime characters
s77,Japanese coming of age stories
s77,TV-14 rated animated series
s720,kids tv shows with superheroes
s720,new family series from 2021
s720,shows starring Russell Curry
s720,dinosaur themed adventures
s720,g rated series for children
s7059,international dramas about desire
s7059,romantic movies with forbidden themes
s7059,films directed by Walerian Borowczyk
s7059,movies exploring bloodlust and incest
s7059,1970s French movies
s6340,independent comedies with strong female leads
s6340,dramas about crisis and lifestyle change
s6340,movies directed by Woody Allen
s6340,2010s films featuring Cate Blanchett
s6340,new york city setting movies
s599,thrillers with George Clooney
s599,dramas set in small towns
s599,2010s action movies
s599,R rated suspense films
s599,Italian films about assassins
s2369,international dramas from the 1950s
s2369,movies with Farid Shawqy
s2369,dark romantic thrillers
s2369,films set in Cairo
s2369,films rated TV-14
s685,Spanish language crime series
s685,teen drama with murder
s685,shows starring Danna Paola
s685,exclusive school storylines
s685,2021 international TV shows
s315,independent dramas
s315,romantic movies about isolation
s315,movies with Liv Tyler
s315,films from the 90s
s315,adult rated romantic films
s8453,musicals from early 2000s
s8453,romantic dramas with Gerard Butler
s8453,films set in Paris
s8453,movies for teens rated pg-13
s8453,romantic music stories
s3407,kids adventure series
s3407,shows with Amber Frank
s3407,fun musical episodes
s3407,family shows for young kids
s3407,animated series from 2019
s719,comedy movies featuring Jennifer Aniston
s719,dark comedies about crime
s719,independent films with Isla Fisher
s719,kidnapping plot films
s719,2010s movies rated R
s5245,sci-fi shows about space exploration
s5245,adventure series with Scott Bakula
s5245,classic cult TV from the 2000s
s5245,family friendly sci-fi with aliens
s5245,TV series rated TV-14
s2459,stand up comedy movies
s2459,funny shows from India
s2459,Kenny Sebastian stand up
s2459,comedy about fears
s2459,movies added in 2020
s2876,Japanese dramas with strong female leads
s2876,TV shows about social media impact
s2876,series starring Mika Nakashima
s2876,dramas exploring happiness and success
s2876,international shows released in 2020
s6707,international dramas about love
s6707,movies with Aislinn Derbez
s6707,films featuring romance and nostalgia
s6707,Mexican movies from 2016
s6707,dramas rated TV-14
s4972,dramas about belonging
s4972,international movies with Muslim themes
s4972,films directed by Mijke de Jong
s4972,coming of age stories in Amsterdam
s4972,99 minute movies for adults
s2224,British crime docuseries
s2224,shows featuring Piers Morgan
s2224,stories about female killers
s2224,TV-MA rated series
s2224,true crime series from 2017
s1357,teen comedies on streaming
s1357,show with Katherine Hughes
s1357,series about life after death
s1357,TV shows from 2018
s1357,funny shows for teens
s7200,action sci-fi movies
s7200,thrilling independent films
s7200,movies with Vanessa Kirby
s7200,films about killer robots
s7200,uk movies from 2016
s8652,sports documentaries with emotional stories
s8652,movies featuring Mike Tyson
s8652,films about boxing controversies
s8652,documentaries from United States
s8652,rated R films from 2008
s5771,chilean independent dramas
s5771,intense college student movies
s5771,films starring Paulina García
s5771,stories about false accusations
s5771,international movies from 2016
s5822,documentaries about cults
s5822,dark themes rated adult
s5822,films by John Smithson
s5822,stories of childhood trauma
s5822,UK documentaries from 1990s
s4848,thrillers with strong female lead
s4848,drama movies set in Africa
s4848,films directed by Norberto López Amado
s4848,international movies about missing persons
s4848,movies rated TV-MA
s2510,egyptian romantic comedies
s2510,lighthearted movies with Ahmed Helmy
s2510,films about love and privacy invasion
s2510,comedies from the 2000s
s2510,international films rated TV-14
s7770,kids action series
s7770,family friendly shows for young audiences
s7770,TV shows with Pua Magasiva
s7770,superheroes fighting evil villains
s7770,early 2000s kids programming
s4851,romantic comedies about friendship
s4851,lighthearted movies with a party theme
s4851,films starring Gillian Jacobs
s4851,movies set in Spain
s4851,TV MA rated romantic films
s7975,international documentaries about castles
s7975,family friendly shows with historical themes
s7975,movies featuring Samuel West
s7975,documentaries set in England
s7975,films from the 2010s
s4208,Israeli action adventure series
s4208,dramatic stories about friendship
s4208,shows featuring Tomer Kapon
s4208,military veterans searching for someone
s4208,international shows set in Colombia
s1958,action adventure movies
s1958,feel good sports films
s1958,Hugh Jackman films
s1958,father son relationship stories
s1958,movies from 2011
s956,action movies with Steven Seagal
s956,thriller films from early 90s
s956,films starring Tommy Lee Jones
s956,movies about nuclear threats
s956,R rated action films
s985,international comedies from Turkey
s985,dark humor movies
s985,films with Cengiz Bozkurt
s985,thrillers with road trips
s985,2010s Turkish movies
s6609,international dramas from France
s6609,movies with Léa Seydoux
s6609,films about complex relationships
s6609,chambermaid storylines
s6609,dramas rated NR
s4445,Indian comedies about moving abroad
s4445,lighthearted films with music themes
s4445,movies featuring Arya Babbar
s4445,story about organ transplant and crime
s4445,family friendly comedy films
s3658,thrillers with amnesia plot
s3658,suspenseful movies from 2019
s3658,films starring Brenda Song
s3658,movies about traumatic experiences
s3658,movies with TV-14 rating
s4370,family movies for the holidays
s4370,comedy films with Kurt Russell
s4370,adventure stories about saving Christmas
s4370,children's movies rated TV-PG
s4370,2018 family films
s4247,musical comedy with orchestra
s4247,stand-up performances 2010s
s4247,Tim Minchin comedy specials
s4247,satirical comedy movies
s4247,live concerts from UK
s4787,stand up comedy specials
s4787,funny movies with Latino comedians
s4787,films directed by Scott Montoya
s4787,comedy about life in East LA
s4787,movies rated TV MA
s8491,international dramas about sisters
s8491,period series set in Russia
s8491,shows starring Anna Chipovskaya
s8491,romantic stories during World War I
s8491,tv shows rated TV-14
s7253,classic dramas about musicians
s7253,lighthearted biopics from the 80s
s7253,films with Lou Diamond Phillips
s7253,stories of rising stars and tragedy
s7253,music movies rated PG-13
s551,horror movies with teens
s551,films featuring Maya Hawke
s551,1990s thrillers about evil forces
s551,R rated horror flicks
s551,LGBTQ films set in small towns
s6750,inspiring documentaries about teens
s6750,documentaries for family viewing
s6750,films featuring Chris Pine
s6750,motivation and speech competitions
s6750,2016 movies rated TV PG
s6555,independent dramas 2010s
s6555,movies with Victor Banerjee
s6555,stories about arranged marriages
s6555,films set in India and USA
s6555,mature content movies
s6489,international dramas from Brazil
s6489,gritty films about crime and youth
s6489,movies starring Alexandre Rodrigues
s6489,stories set in Rio de Janeiro
s6489,independent films rated R
s1002,international dramas about oil
s1002,thrillers with rich storytelling
s1002,movies with Olu Jacobs
s1002,stories set in small villages
s1002,films rated TV 14
s614,nigerian thrillers
s614,dramatic films about abduction
s614,movies featuring Uzee Usman
s614,intense stories set in terrorist camps
s614,rated adult international films
s4165,historical dramas from the Philippines
s4165,action movies with Paulo Avelino
s4165,films about young generals
s4165,epic stories set in the past
s4165,international movies rated TV-MA
s7244,international romantic dramas
s7244,movies about love and family conflict
s7244,films directed by Suresh Pillai
s7244,dramas for teens rated TV-14
s7244,2017 movies featuring traditional dance
s3501,comedies with Zach Galifianakis
s3501,funny movies released in 2019
s3501,films directed by Scott Aukerman
s3501,road trip comedies
s3501,mature rated comedies
s7911,indian dramas with suspense
s7911,movies starring Akshay Kumar
s7911,films about murder trials
s7911,international movies from 2016
s7911,tv 14 rated thrillers
s8471,sports documentaries about overcoming challenges
s8471,inspiring movies based on true events
s8471,films with Grant Korgan as star
s8471,stories of athletes with disabilities
s8471,recent documentaries from 2018
s1117,international docuseries about artists
s1117,uplifting shows about collaboration and creativity
s1117,docuseries released in 2020
s1117,family friendly shows about the pandemic
s1117,short series on virtual arts
s2565,international dramas 2019
s2565,movies with Anupam Kher
s2565,crime themes revenge justice
s2565,films set in India
s2565,drama movies rated TV 14
s1970,action movies from Japan
s1970,intense crime dramas
s1970,films featuring Takanori Iwata
s1970,stories about loyalty and betrayal
s1970,international movies with TV-MA rating
s1957,documentaries featuring South African artists
s1957,music films with a cultural theme
s1957,movies starring Nasty C
s1957,international films set in Japan
s1957,rated mature documentaries
s5460,stand up comedy shows
s5460,celebrity interview series
s5460,talk shows with Sam Jones
s5460,mature content series
s5460,comedy shows from 2015
s4608,comedy movies from India
s4608,feel good romantic films
s4608,Siddharth movies to watch
s4608,films about love triangles
s4608,2010s international movies
s1434,international dramas with strong themes
s1434,movies featuring Anisa Rahma
s1434,films about arranged marriage issues
s1434,dramas from Indonesia
s1434,teen friendly titles rated TV-14
s1893,children movies for Halloween
s1893,family-friendly fun
s1893,films directed by Alex Woo
s1893,candy-themed adventures
s1893,new kids movies from 2020
s4738,independent family movies from India
s4738,films about greed and loneliness
s4738,movies featuring Pankaj Kapur
s4738,charming dramas for kids
s4738,90 minute movies rated TV-PG
s2576,docuseries about World War II
s2576,historical shows with real footage
s2576,series featuring Gary Sinise
s2576,WWII themed content for teens
s2576,2000s documentaries about global conflicts
s8585,action movies with hospital standoff
s8585,tense thrillers from Hong Kong
s8585,films featuring Louis Koo
s8585,international movies rated TV-MA
s8585,2016 action adventure films
s765,international romantic comedies
s765,funny feel good movies
s765,films with Jailoshini Naidoo
s765,couples getaway movies
s765,south african movies from 2021
s4558,family movies with witches
s4558,lighthearted films for kids
s4558,movies directed by Justin G Dyck
s4558,stories about becoming a witch
s4558,Canadian children films from 2017
s7979,documentaries about hidden history
s7979,family friendly films set in London
s7979,movies featuring Samuel West
s7979,international films from 2014
s7979,short documentaries rated TV-PG
s8469,documentaries about free markets
s8469,inspiring films on economic theories
s8469,movies featuring Arthur Brooks
s8469,how markets reduce poverty
s8469,documentaries from the last few years
s8417,sci-fi action movies
s8417,movies starring Keanu Reeves
s8417,final installment of a trilogy
s8417,films with a dystopian theme
s8417,2000s sci-fi films
s5585,international romantic dramas
s5585,emotional love stories
s5585,films featuring Sruthi Hariharan
s5585,stories about rekindling lost love
s5585,movies from India rated mature
s997,japanese horror films
s997,thrillers that explore trauma
s997,movies directed by Takashi Shimizu
s997,international movies with deep themes
s997,2021 japanese films
s518,international romantic series
s518,lighthearted teen comedies
s518,shows starring Haruka Fukuhara
s518,high school living arrangements
s518,japanese shows from 2017
s6543,international crime series
s6543,dark gritty cop dramas
s6543,shows featuring Augusto Madeira
s6543,crime stories set in favelas
s6543,tv ma rated series
s5500,romantic dramas from the 90s
s5500,movies featuring Shah Rukh Khan
s5500,films about obsession and love
s5500,Indian movies with a singer
s5500,family-friendly movies rated TV-14
s8236,international reality shows
s8236,lighthearted travel series
s8236,Bumpy TV shows
s8236,food adventure programs
s8236,Indian shows for adults
s156,fantasy adventure movies for kids
s156,films starring David Bowie
s156,cult films from the 1980s
s156,movies about rescuing siblings
s156,family movies rated PG
s947,action and adventure movies
s947,sci-fi films with twists
s947,movies starring Kurt Russell
s947,films about ancient portals
s947,1990s US action movies
s7483,thriller movies from 2016
s7483,suspenseful films with Kellan Lutz
s7483,movies about corporate espionage
s7483,hostage thrillers set in the US
s7483,R rated thrillers
s8352,action sci-fi movies with Nicolas Cage
s8352,dystopian films from 2017
s8352,adventure movie for adults
s8352,movies set in near-future America
s8352,intense films rated R
s2442,comedies about secret relationships
s2442,lighthearted dramas from the 2000s
s2442,movies featuring Hisham Abdulrahman
s2442,stories about tradition versus modernity
s2442,films from Saudi Arabia and UAE
s1726,nigerian dramas with strong female leads
s1726,inspiring stories based on true events
s1726,movies starring Temi Otedola
s1726,films about academic challenges
s1726,2020 international movies rated 18
s4203,British kids series
s4203,comedic shows for young audiences
s4203,Emma Tate voice acting
s4203,kids causing trouble
s4203,family friendly shows 2019
s4974,British dramas about family secrets
s4974,thriller series with a dark tone
s4974,shows starring Lydia Wilson
s4974,mystery set in a small town
s4974,2018 TV-MA rated shows
s4934,philippine crime drama series
s4934,dark themed international shows
s4934,Derek Ramsay films
s4934,high school drug dealing plot
s4934,TV MA rated series
s2220,documentaries about fashion
s2220,inspirational music documentaries
s2220,directed by Lisa Cortés
s2220,films about hip-hop culture
s2220,movies released in 2019
s8499,best thrillers with De Niro
s8499,intense heist movies
s8499,films directed by Frank Oz
s8499,crime dramas set in Canada
s8499,rated R movies from 2000s
s4142,kids series about pets
s4142,fun shows for young children
s4142,shows with Rhona Rees
s4142,animated series set in a town
s4142,family friendly content from 2018
s597,independent comedies with unique plots
s597,movies about the Civil War
s597,films featuring Marc Maron
s597,offbeat dramedies from the 2010s
s597,comedy movies rated R
s1710,romantic dramas from Philippines
s1710,movies with Aga Muhlach
s1710,films about chance encounters
s1710,international romantic movies
s1710,TV-MA rated films
s3916,romantic comedies from India
s3916,funny movies for adults
s3916,films featuring Rahul Bose
s3916,stories about unexpected fame
s3916,indian movies from early 2000s
s23,international comedies from the 90s
s23,feel good family movies
s23,films starring Kamal Hassan
s23,story about a father and daughter
s23,TV-PG comedies
s4026,stand up comedy specials
s4026,outrageous jokes movie
s4026,films featuring Jimmy Carr
s4026,adult comedy from 2019
s4026,short comedy film
s2738,children movies about soccer
s2738,family friendly adventure films
s2738,movies by Rajiv Chilaka
s2738,animated features set in Rio
s2738,TV Y7 rated films
s7764,kids series about dinosaurs
s7764,shows with Jason David Frank
s7764,family friendly adventure stories
s7764,TV-Y7 rated content
s7764,early 2000s action shows
s7774,kids shows about teamwork
s7774,family friendly adventures
s7774,series with Alex Heartman
s7774,superheroes battling dark forces
s7774,US animated shows for children
s4663,Thai action series with crime themes
s4663,shows featuring martial arts and drama
s4663,international titles starring Phakin Khamwilaisak
s4663,TV-MA rated action adventures
s4663,crime shows added in 2018
s2946,anime series with unique plots
s2946,dark anime with insect themes
s2946,shows featuring Yoshimasa Hosoya
s2946,post-apocalyptic stories in Japan
s2946,2020 series for mature audiences
s4366,action adventure shows set in the 1700s
s4366,gritty dramas with Jason Momoa
s4366,international tv series with strong themes
s4366,tv ma shows about the fur trade
s4366,canadian series with multiple seasons
s6963,action movies from 1990s
s6963,martial arts films with Takeshi Kaneshiro
s6963,thrilling international adventures
s6963,drama about triad criminal underworld
s6963,Hong Kong films rated adult
s7266,indian dramas about workers struggles
s7266,intense emotional films from 2010
s7266,movies featuring Sachin Khedekar
s7266,stories on economic hardship in India
s7266,international movies rated TV-MA
s7758,independent romantic films
s7758,drama movies with Anton Yelchin
s7758,erotic stories set in Portugal
s7758,mature films released in 2016
s7758,coastal city settings in cinema
s5634,international dramas with historical themes
s5634,suspenseful movies about political intrigue
s5634,films featuring Florian Teichtmeister
s5634,movies set in Austria or Czech Republic
s5634,TV-PG rated films from the 2010s
s6636,reality shows about survival
s6636,TV series about end of the world
s6636,shows featuring Michael Izquierdo
s6636,survivalist preparation programs
s6636,science nature series for teens
s7156,anime crime series
s7156,intense shows from Japan
s7156,Daisuke Namikawa voice acting
s7156,story about a boy on the run
s7156,adult anime series
s4983,anime movies about world war 2
s4983,family friendly films from japan
s4983,films by sunao katabuchi
s4983,survival stories set in hiroshima
s4983,pg 13 movies for teens
s1603,filipino dramas and comedies
s1603,teen romantic films
s1603,movies starring Kathryn Bernardo
s1603,childhood friends to lovers story
s1603,movies from the 2010s
s1954,international dramas about family secrets
s1954,movies featuring Meryem Uzerli
s1954,emotional films about finding your roots
s1954,teen dramas from 2016
s1954,mature content films for adults
s3061,horror thrillers from India
s3061,dark suspenseful films
s3061,movies with Janhvi Kapoor
s3061,supernatural anthology movies
s3061,movies added in 2020
s2257,sports documentaries about racing
s2257,inspirational films with Scott Dixon
s2257,IndyCar racing themed movies
s2257,films set in New Zealand
s2257,R rated sports movies
s596,children family comedies
s596,movies for kids under ten
s596,films with Geena Davis
s596,animated stories about adoption
s596,family movies from the 90s
s5849,comedy movies with famous actors
s5849,films about fake news and journalism
s5849,movies starring Eric Bana and Vera Farmiga
s5849,light-hearted films set in a war zone
s5849,new comedies from 2016 for adults
s7314,children comedies from Australia
s7314,family friendly Halloween stories
s7314,movies with Flynn Curry
s7314,funny tales about friendship
s7314,animated kids movie under 30 minutes
s5514,korean romantic shows
s5514,lighthearted series about age reversal
s5514,shows starring Eun-mi Go
s5514,international tv shows with young romance
s5514,tv14 released in 2015
s618,international romantic series
s618,teen dramas set in boarding schools
s618,shows with Edvin Ryding
s618,TV-MA rated series
s618,swedish shows added in 2021
s7429,romantic comedies from 80s
s7429,family friendly movies
s7429,films featuring Supriya Pilgaonkar
s7429,stories about identity and love
s7429,indian movies with PG rating
s3233,stand-up comedies from Mexico
s3233,funny LGBTQ shows
s3233,series featuring Ana Julia Yeyé
s3233,honest comedy specials
s3233,Spanish language international shows
s584,romantic comedies from 2011
s584,feel good films for adults
s584,movies starring Natalie Portman
s584,friends with benefits storylines
s584,films set in the US
s514,sci-fi shows with family themes
s514,dramas set in dystopian futures
s514,series featuring Josh Holloway
s514,TV action adventures about survival
s514,shows rated TV-14
s5896,kids series about missing treasures
s5896,family friendly shows with adventures
s5896,animated series featuring Fanny Bloc
s5896,fantasy shows about magical quests
s5896,children programming from 2014
s4890,international comedies
s4890,funny movies from Argentina
s4890,films starring Imanol Arias
s4890,plots about workplace mishaps
s4890,Spanish language comedies
s5137,Japanese horror movies
s5137,independent films with suspense
s5137,movies starring Logan Huffman
s5137,stories about mysterious shrines
s5137,films released in 2017
s8388,documentaries about space exploration
s8388,inspirational movies for all ages
s8388,films directed by Mark Craig
s8388,stories of lunar landings
s8388,UK films from 2014
s5413,crime dramas with intense storytelling
s5413,shows featuring Mandy Patinkin
s5413,psychological thrillers about profilers
s5413,TV mysteries set in the US
s5413,dramas rated TV-14
s1631,emotional dramas from Philippines
s1631,movies with Sue Ramirez
s1631,films about family discovery
s1631,international movies set in Morocco
s1631,TV-PG rated films
s580,classic comedies from the 80s
s580,action comedies with Robert De Niro
s580,bounty hunter story with humor
s580,films set in New York
s580,movies rated R for adults
s5185,international dramas from 2015
s5185,emotional shows about orphans
s5185,series featuring Puteri Balqis
s5185,stories with models and escape
s5185,TV-14 family shows
s814,animated kids shows
s814,funny family series
s814,shows with Jaleel White
s814,cartoon about saving Mobius
s814,series from the 90s
s8377,reality shows about kindness
s8377,inspirational series with travel themes
s8377,TV shows hosted by Leon Logothetis
s8377,family friendly programs rated TV-PG
s8377,recent series from the last few years
s1917,urban dance documentaries
s1917,feel-good music films
s1917,movies by David LaChapelle
s1917,stories about South Central Los Angeles
s1917,2000s documentaries for teens
s694,international comedies to watch
s694,feel good dramas
s694,movies starring Iqbaal Ramadhan
s694,teenagers searching for their parents
s694,films set in New York
s6002,historical drama series
s6002,inspiring war stories
s6002,shows with Mohit Raina
s6002,tales of bravery and sacrifice
s6002,Indian shows for teens
s689,Nigerian romantic comedies
s689,feel good films
s689,movies with Nancy Isime
s689,story about finding love before 30
s689,international movies from 2020
s6767,reality TV shows with home renovations
s6767,family friendly series from 2014
s6767,Antonio Sabato Jr. TV series
s6767,transformation shows for houses and cabins
s6767,shows added in summer 2018
s8473,family dramas from Indonesia
s8473,inspiring movies about teachers
s8473,films featuring Lukman Sardi
s8473,international kids movies
s8473,movies from 2008 rated TV-PG
s2428,romantic dramas from turkey
s2428,movies about childhood love
s2428,films starring Buğra Gülsoy
s2428,international romantic movies
s2428,teen friendly films
s4175,crime series from Turkey
s4175,murder mystery dramas
s4175,shows with Ali Atay
s4175,TV-MA rated international dramas
s4175,2010s foreign crime shows
s1226,romantic reality shows
s1226,lighthearted series for families
s1226,wedding planning competition
s1226,shows about buying a house
s1226,TV shows from 2021
s8724,documentaries about psychopathy
s8724,thought provoking films
s8724,Rebecca Harrison documentaries
s8724,films on human behavior
s8724,UK documentaries from 2017
s5758,documentaries about prison reform
s5758,thought-provoking films from 2016
s5758,movies directed by Ava DuVernay
s5758,films exploring racial injustice
s5758,movies rated TV-MA
s2540,international documentaries about AIDS
s2540,films featuring William Hurt
s2540,movies about affordable HIV medication
s2540,documentary set in Africa
s2540,2012 documentaries for teens
s5847,comedy adventure movies
s5847,movies starring Adam Sandler
s5847,funny films about fake identities
s5847,2016 action comedies
s5847,mature rating comedies
s5997,documentaries about music legends
s5997,feel good movies about singers
s5997,films featuring Bruce Springsteen
s5997,documentary about backup vocalists
s5997,movies from the 2010s
s394,children sports movies
s394,inspirational family films
s394,movies featuring Emily Morris
s394,gymnastics coaching competition
s394,australian family movie 2021
s6235,family friendly movies
s6235,movies set in the Alps
s6235,films with Kelly Sheridan
s6235,kids adventure films
s6235,animated movies from 2013
s831,tv comedies about growing older
s831,funny shows with Michael Douglas
s831,stories about friendship and aging
s831,dramas set in the United States
s831,new series released in 2021
s4330,international romantic dramas
s4330,heartwarming love stories
s4330,movies starring Qi Shu
s4330,films about unexpected relationships
s4330,Chinese language movies from 2011
s6593,action thrillers with heists
s6593,intense crime movies
s6593,movies starring Gerard Butler
s6593,bank robbery plot films
s6593,2018 action films
s5892,independent dramas
s5892,intense war stories
s5892,movies with Idris Elba
s5892,child soldier narratives
s5892,films set in Africa
s5721,international docuseries about WWII
s5721,dark documentaries on genocide
s5721,shows featuring Paul Bandey
s5721,historical series on Nazi atrocities
s5721,mature audience docuseries
s5335,action movies from India
s5335,movies with Prabhas
s5335,historical dramas about revenge
s5335,international films rated TV-MA
s5335,epic films released in 2017
s3258,romantic shows with comedy elements
s3258,series about aspiring chefs
s3258,Wanida Termthanaporn shows
s3258,international comedy series
s3258,TV shows rated TV-14
s2691,action movies from 2019
s2691,independent films with superpowers
s2691,Robbie Amell movies
s2691,stories about family struggles
s2691,Canadian movies rated TV-MA
s2118,comedy movies from indonesia
s2118,family friendly films
s2118,movies with dian sastrowardoyo
s2118,films about teachers and school
s2118,2020 international comedies
s6714,international dramas with thrillers
s6714,emotional movies starring Penélope Cruz
s6714,films about kidnapping in Spain
s6714,new releases from 2019
s6714,Spanish language movies
s7135,music documentaries from the UK
s7135,emotional films about addiction
s7135,directed by John Edginton
s7135,films featuring Joe Cocker
s7135,international movies rated TV-14
s3238,French independent dramas
s3238,movies about surviving tough environments
s3238,films by Julien Abraham
s3238,intense dramas rated TV-MA
s3238,teen movies from 2019
s2467,kids shows about mermaids
s2467,funny family series
s2467,shows featuring Lucy Fry
s2467,adventures on an island
s2467,TV-G rated content
s2742,independent dramas from India
s2742,emotional films about family tension
s2742,movies featuring Nivedhithaa Sathish
s2742,2020 releases with family themes
s2742,mature content international films
s4079,romantic dramas from the philippines
s4079,movies with john lloyd cruz
s4079,adult themes exploring love and loyalty
s4079,international romantic films
s4079,films added in 2019
s1344,documentaries about empowerment
s1344,uplifting films about body acceptance
s1344,movies by Michèle Ohayon
s1344,films featuring pole dancing
s1344,2021 releases with R rating
s6482,family movies with classic characters
s6482,feel good comedies to watch
s6482,films starring Ewan McGregor
s6482,adventures set in a forest
s6482,PG rated movies from 2018
s3091,action comedies from South Africa
s3091,funny movies with crime elements
s3091,films directed by Andrew Wessels
s3091,movies about bumbling cops
s3091,international movies rated TV-MA
s4684,stand up comedy specials
s4684,quirky humor movies
s4684,films starring Maria Bamford
s4684,awkward family dynamics in comedy
s4684,2010s comedy films
s3257,stand up comedy specials
s3257,funny wedding stories
s3257,films with Iliza Shlesinger
s3257,movies about marriage
s3257,comedies from 2019
s7467,romantic movies about divorce
s7467,feel good holiday films
s7467,Eva Marcille movies
s7467,couples facing relationship challenges
s7467,Christmas themed movies
s734,kids series about friendship
s734,adventures set in Denmark
s734,shows featuring Erica Mendez
s734,family friendly TV shows
s734,animated series from 2016
s104,international thrillers from 2020
s104,family drama movies about conflict
s104,films starring Omotola Jalade-Ekeinde
s104,mature rated movies with tense plots
s104,dramas set in African communities
s4695,indian comedies with social themes
s4695,films starring Akshay Kumar
s4695,movies about sanitation issues
s4695,dramas set in India
s4695,family-friendly films rated TV-14
s6253,crime dramas with humor
s6253,TV shows with Kal Penn
s6253,series set in small towns
s6253,shows for older teens
s6253,new releases from 2015
s5701,Taiwanese romantic shows
s5701,comedic series with a twist
s5701,Bii TV shows
s5701,stories about gender identity
s5701,international series rated TV-PG
s1022,independent comedy movies from India
s1022,drama films with social issues
s1022,movies featuring Nawazuddin Siddiqui
s1022,films about farming and government aid
s1022,comedy movies from 2010s
s745,stand up comedy shows in Spanish
s745,Colombian humor series
s745,Freddy Beltrán performances
s745,funny shows about quarantine
s745,TV MA rated international shows
s5472,documentaries about teenage activism
s5472,inspirational films for teens
s5472,movies directed by Joe Piscatella
s5472,stories about Hong Kong protests
s5472,historical films set in China
s2214,romantic movies with long distance relationships
s2214,comedies about college life
s2214,movies starring Joey King
s2214,teen romance films released in 2020
s2214,family friendly films rated TV 14
s5165,documentaries featuring Jim Carrey
s5165,thought-provoking films about identity
s5165,movies directed by Chris Smith
s5165,TV-MA rated documentaries
s5165,2017 releases from Canada
s1359,psychological thrillers
s1359,movies with Leonardo DiCaprio
s1359,films by Martin Scorsese
s1359,suspenseful crime dramas
s1359,R rated movies
s3600,stand up comedy specials
s3600,political humor movies
s3600,films featuring Colin Quinn
s3600,comedies about left right politics
s3600,2019 stand up performances
s8640,spiritual dramas from India
s8640,family friendly films about devotion
s8640,movies with Radhika Apte
s8640,tales of child saints
s8640,international movies from 2012
s696,international dramas about war
s696,emotional films set in Syria
s696,movies directed by Soudade Kaadan
s696,story about smuggling and survival
s696,short movies added in 2021
s8625,horror comedies with monsters
s8625,funny films from the 2000s
s8625,movies starring Michael Gross
s8625,stories set in mining towns
s8625,PG-13 movies for teens
s2524,political dramas with strong female leads
s2524,family friendly shows rated TV PG
s2524,Téa Leoni series
s2524,stories about balancing work and home life
s2524,American TV dramas from 2019
s3816,stand up comedy specials
s3816,funny movies from Italy
s3816,Saverio Raimondo comedy show
s3816,humorous stories about flights
s3816,mature comedy movies
s2944,drama movies about revenge
s2944,westerns with classic characters
s2944,films starring Bill Pullman
s2944,movies with cowboy conspiracy themes
s2944,2010s movies rated R
s1634,action thrillers with suspense
s1634,movies starring Ryan Phillippe
s1634,films about political crime
s1634,adventure movies for teens
s1634,2020 action films
s4509,British reality shows
s4509,thrilling pranks series
s4509,shows about stunts
s4509,TV-MA rated international series
s4509,new releases from 2018
s8214,sports dramas with a gritty feel
s8214,movies featuring Liev Schreiber
s8214,films about real life fighters
s8214,movies from 2016 rated R
s8214,dramatic stories set in the US
s5524,kids comedies with historical characters
s5524,family friendly shows for young viewers
s5524,series starring Chris Parnell
s5524,lighthearted comedy series for children
s5524,animated shows added in 2017
s7023,family dramas from the 90s
s7023,movies starring Salman Khan
s7023,films about family conflict
s7023,Indian music and musicals
s7023,TV-G rated films for kids
s3119,documentaries about immigration issues
s3119,emotional international films
s3119,movies from Rodrigo Reyes
s3119,films exploring community and faith
s3119,TV-PG movies 2019
s6160,independent dramas from India
s6160,films about revenge and harassment
s6160,movies starring Swara Bhaskar
s6160,TV-MA rated films
s6160,international movies released in 2017
s6559,german independent films
s6559,emotional dramas
s6559,Martina Schöne-Radunski movies
s6559,story about overcoming depression
s6559,international films from 2016
s5393,animated kids series
s5393,funny shows for young girls
s5393,shows with Barbie in the cast
s5393,family friendly comedies
s5393,childrens series from 2012
s87,international thrillers from 2021
s87,survival movies with intense suspense
s87,films starring David Kross
s87,hiking trip gone wrong
s87,movies rated TV-MA
s6696,British crime docuseries
s6696,dark documentaries about criminals
s6696,shows featuring Richard Lintern
s6696,true crime series about evil
s6696,2010s crime shows in UK
s8062,documentaries about wine fraud
s8062,films with Jerry Rothwell
s8062,2016 crime documentaries
s8062,British films about deception
s8062,new documentaries with no rating
s5623,stand up comedy specials
s5623,movies starring Bill Burr
s5623,comedy about fast food
s5623,comedy set in Nashville
s5623,2017 comedy films
s3086,korean kids shows
s3086,fun family series
s3086,animated shows with Bill Rogers
s3086,robot adventures for children
s3086,tv shows from 2018
s6648,inspirational documentaries for kids
s6648,engineering achievements around the world
s6648,movies narrated by Jeff Bridges
s6648,family friendly documentaries
s6648,films released in 2017
s1057,international dramas with romance
s1057,lighthearted series from 2015
s1057,shows about love and relationships
s1057,TV shows rated TV-PG for families
s1057,Spanish language dramas
s8616,thriller movies with espionage theme
s8616,drama films featuring Don Cheadle
s8616,suspenseful stories about terrorism
s8616,movies set in the United States
s8616,PG-13 action films from 2008
s1376,comedy series about friends in New York
s1376,TV show with Zoe Levin
s1376,dramas featuring high school friendship
s1376,mature rated shows with adult themes
s1376,2021 releases in television
s1180,kids tv shows from the 90s
s1180,action adventure series for teens
s1180,shows featuring Jason David Frank
s1180,superhero teams fighting evil
s1180,family friendly programs rated tv y7
s8718,classic international dramas
s8718,movies about world war two
s8718,films by Stanisław Różewicz
s8718,stories set in Poland
s8718,tv ma rated movies
s1091,indonesian romantic movies
s1091,dramas about insecurities and love
s1091,movies featuring Ardhito Pramono
s1091,films released in 2020
s1091,family friendly movies rated TV-PG
s7379,action adventure movies from 2018
s7379,thrilling documentaries with extreme sports
s7379,films directed by Thierry Donard
s7379,stories about athletes seeking bliss
s7379,international movies in French
s2815,children family movies
s2815,funny shows for kids
s2815,movies featuring Joseph May
s2815,stories about steam engines
s2815,family friendly films from 2019
s2911,kids tv comedies
s2911,funny shows for children
s2911,series with Colin Hanks
s2911,adventures of a talking cat
s2911,family friendly content from Cyprus
s6097,documentaries about adult film stars
s6097,insightful films for adults
s6097,Brittany Andrews documentaries
s6097,lives after the adult industry
s6097,2018 movies rated TV-MA
s2185,British crime series for teens
s2185,school revenge story
s2185,shows with Kim Adis
s2185,new TV shows from 2020
s2185,lighthearted international shows
s7147,documentaries about Mumbai residents
s7147,inspirational films with strong themes
s7147,movies directed by female filmmakers
s7147,films featuring diverse individuals
s7147,documentaries from 2017 rated TV-14
s3540,animated kids series
s3540,musical adventures for toddlers
s3540,family friendly preschool shows
s3540,colorful animated series for kids
s3540,shows from 2016 for children
s2111,egyptian comedies from 2019
s2111,funny heist movies
s2111,films with Ahmed Helmy
s2111,movies about redemption
s2111,international movies rating tv-ma
s6879,historical dramas
s6879,movies about journalism
s6879,films with George Clooney
s6879,stories set during the McCarthy era
s6879,PG rated movies
s6371,family comedies from 2000s
s6371,movies with Logan Browning
s6371,films about friendship and cliques
s6371,children movies rated PG
s6371,high school setting movies
s8391,documentaries about cannabis culture
s8391,films exploring marijuana legalization
s8391,movies directed by Peter Spirer
s8391,informative films on medical marijuana
s8391,2017 documentaries rated TV-MA
s2720,swedish stand up comedy movies
s2720,funny shows about political life
s2720,films starring david batra
s2720,personal stories by comedians
s2720,movies from 2020
s5161,children musicals
s5161,family-friendly movies
s5161,Josh Wakely films
s5161,movies about talent shows
s5161,Australian animated films
s2587,anime series with romance
s2587,lighthearted shows for teens
s2587,Yuichi Nakamura voice acting
s2587,romantic manga inspired stories
s2587,Japanese shows from 2014
s8329,faith based dramas
s8329,historical films about Jesus
s8329,movies directed by David Batty
s8329,films based on the Gospel
s8329,movies rated TV 14
s520,British crime docuseries
s520,dark shows about murder
s520,documentaries on death row
s520,true crime series
s520,mature rated shows
s937,kids series with superheroes
s937,family shows about dinosaurs
s937,animated series for young children
s937,2020 kids adventure shows
s937,TV-Y7 superhero programs
s6372,docuseries about sexual assault
s6372,inspiring stories of survivors
s6372,shows directed by Cecilia Peck
s6372,crime TV shows set in Israel
s6372,TV shows rated TV-14
s2858,kids shows about animals
s2858,family friendly episodes to watch
s2858,series with Stephanie Sheh
s2858,adventures in a cute town
s2858,children's shows from 2020
s449,romantic dramas with fantasy elements
s449,movies starring Kristen Stewart
s449,films about supernatural threats
s449,teen movies from 2010s
s449,PG-13 family friendly movies
s42,classic action movies
s42,thrilling shark films
s42,movies directed by Spielberg
s42,stories about ocean predators
s42,films set on islands
s3442,stand up comedy movies
s3442,feel good comedy specials
s3442,Deon Cole comedy shows
s3442,devotion and humor
s3442,movies added in 2019
s7654,international dramas about healing
s7654,movies with female empowerment themes
s7654,films directed by Pradip Kurbah
s7654,stories set in small villages
s7654,drama movies rated TV-14
s1343,action and adventure movies 2021
s1343,sci fi dramas with strong themes
s1343,movies starring Song Joong-ki
s1343,films set in outer space
s1343,adult rated international films
s6399,British reality shows
s6399,lighthearted series to relax
s6399,shows with Dick Strawbridge
s6399,cabin construction themes
s6399,Wales travel shows
s2702,action fantasy movies for kids
s2702,family adventure films from 2010
s2702,movies directed by M Night Shyamalan
s2702,animated shows about air and fire
s2702,children's movies rated PG
s7369,dramatic series set in the 1960s
s7369,shows starring Jon Hamm
s7369,award winning dramas
s7369,New York City ad agency show
s7369,TV shows rated TV-14
s4545,British comedies from 2014
s4545,musical films with John Cleese
s4545,live performances comedy
s4545,adult humor movies
s4545,London theaters comedy
s5598,family movies with music
s5598,teen films about summer love
s5598,movies featuring Martina Stoessel
s5598,Italian set musical films
s5598,G rated kids movies
s7041,Chinese dramas with humor
s7041,movies starring Fan Bingbing
s7041,stories about staged divorces
s7041,international comedies from 2016
s7041,TV 14 rated films
s4410,international crime series
s4410,dark sci-fi shows
s4410,toinette laquiere movies
s4410,body swap storyline
s4410,french shows from 2017
s5682,family holiday movies
s5682,festive music specials
s5682,movies featuring Mariah Carey
s5682,Christmas stories for kids
s5682,movies from 2015
s107,kids comedies set in summer camp
s107,fun shows for family night
s107,Peyton List TV series
s107,Disney shows about siblings
s107,2021 releases for children
s764,adventure shows for teens
s764,fantasy drama series new to Netflix
s764,Christian Convery performances
s764,post-apocalyptic stories
s764,family friendly shows
s8659,independent dramas
s8659,sci fi thrillers with strong female lead
s8659,movies directed by Jonathan Glazer
s8659,alien invasion storylines
s8659,international films from 2013
s6915,funny international movies
s6915,comedies with a criminal twist
s6915,films featuring Hamada Helal
s6915,movies about cons and romance
s6915,Egyptian movies from the 2010s
s1537,horror thrillers featuring Aaron Eckhart
s1537,supernatural films with possession themes
s1537,movies from 2016 rated PG-13
s1537,intense scary movies set in the mind
s1537,demon hunting movies from the US
s5545,dramas with undercover themes
s5545,movies featuring Larenz Tate
s5545,crime dramas with strong female leads
s5545,films about infiltrating crime rings
s5545,movies released in 2016
s355,action comedies from early 90s
s355,movies starring Bruce Willis
s355,private investigator stories
s355,films with political conspiracy themes
s355,action movies rated R
s8222,independent horror films
s8222,thrillers with supernatural elements
s8222,movies featuring Lauren Cohan
s8222,stories about creepy dolls
s8222,PG-13 horror movie from 2016
s3811,documentaries about refugee children
s3811,emotional international films
s3811,movies directed by Hernán Zin
s3811,stories of survival and integration
s3811,films from Denmark and Spain
s5879,stand-up comedy movies
s5879,raunchy humor specials
s5879,Mike Epps performances
s5879,shows set in Los Angeles
s5879,TV-MA rated comedies
s5606,international dramas about loss
s5606,movies featuring Elena Anaya
s5606,films exploring marriage struggles
s5606,chilean movies in spanish
s5606,emotional dramas from 2015
s1525,action thrillers with Jason Momoa
s1525,intense movies released in 2018
s1525,films about protecting family
s1525,cabin setting action films
s1525,R rated adventure movies
s4434,Indian comedies from 2010
s4434,feel good family movies
s4434,films with Rishi Kapoor
s4434,story about struggling teacher
s4434,movies in Hindi language
s1310,thrillers with obsession theme
s1310,teen movies about infatuation
s1310,films starring Lucy Loken
s1310,scary movies from 2018
s1310,romantic thrillers rated TV-14
s424,children movies with kung fu
s424,family-friendly animated films
s424,movies featuring Pooja Punabi
s424,adventures involving martial arts
s424,animated movies from 2011
s3178,international crime series
s3178,romantic shows with strong female leads
s3178,Eugenie Liu movies
s3178,story about celebrity bodyguards
s3178,tv shows released in 2019
s3767,animated movies for kids
s3767,family films with adventure
s3767,movies directed by Juan Antin
s3767,stories set in the Andes
s3767,PG rated movies from 2019
s8804,fun kids shows about friendship
s8804,lighthearted series for younger viewers
s8804,Korean comedies with unique characters
s8804,animated shows set in spooky towns
s8804,family friendly content from 2018
s7870,indian dramas about farmers
s7870,emotional international movies
s7870,films by Makarand Mane
s7870,stories about seeking blessings
s7870,movies set in India
s8462,family movies for Christmas
s8462,animated holiday films
s8462,films directed by Robert Zemeckis
s8462,stories about trains and the North Pole
s8462,G rated children movies
s396,international comedies for adults
s396,lighthearted movies about friendship
s396,films with Aldo Escalante
s396,stories about tech startups
s396,comedy movies added in July 2021
s8803,cult thrillers based on true stories
s8803,dark dramas with strong performances
s8803,films featuring Mark Ruffalo
s8803,movies about infamous serial killers
s8803,mystery films set in San Francisco
s3692,kids action adventure series
s3692,shows with Jack Black
s3692,family-friendly animated shows
s3692,stories about Kung Fu masters
s3692,TV PG kids shows
s2179,kids dance series
s2179,family friendly shows
s2179,dance competition themed
s2179,TV shows from Canada
s2179,reality TV for age 10 and up
s6831,horror thrillers 2016
s6831,movies with Doug Jones
s6831,suspenseful films about hidden evil
s6831,Japan US co productions
s6831,creepy movies rated TV MA
s2574,independent thrillers
s2574,dramas about veterans
s2574,movies with Jacqueline Toboni
s2574,stories set on a ranch
s2574,new releases from 2020
s6688,horror thrillers with babysitting stories
s6688,suspenseful movies from 2010s
s6688,films directed by Michael Thelin
s6688,scary flicks set in suburbs
s6688,mature rated movies under 90 minutes
s1050,kids tv shows with bikes
s1050,adventurous series for young children
s1050,British kids animated shows
s1050,family friendly content from 2019
s1050,shows set in a town
s3650,action comedies from Hong Kong
s3650,funny movies with Donnie Yen
s3650,films about female empowerment
s3650,international movies from 2004
s3650,teen friendly movies rated TV-14
s7731,psychological thrillers with strong female leads
s7731,drama movies set in France
s7731,Kristen Stewart films
s7731,spiritual themes in international cinema
s7731,R rated movies from 2016
s5672,korean cooking shows
s5672,family friendly dramas
s5672,series with Jae-suk Han
s5672,shows about chefs and competition
s5672,international tv shows from 2012
s8668,action adventure movies
s8668,intense war films
s8668,films starring Nicolas Cage
s8668,movies about sharks
s8668,2016 military dramas
s8587,thriller dramas about drug trade
s8587,dark tense movies
s8587,films featuring Eliza Taylor
s8587,stories set in California suburbs
s8587,movies with TV-MA rating
s6248,comedy sports movies
s6248,funny movies with Trey Parker
s6248,movies about made up sports
s6248,1990s comedies with slacker theme
s6248,rated R films
s7442,documentaries about memory techniques
s7442,inspiring films about brain potential
s7442,movies by Janet Tobias
s7442,films on competitive memory athletes
s7442,documentaries in English German Swedish
s1601,children family movies
s1601,fun holiday films for kids
s1601,movies by Darragh O'Connell
s1601,festive themed children's movie
s1601,2020 releases for young audience
s2447,Zimbabwean romantic comedies
s2447,family-friendly cooking films
s2447,movies featuring Tendaiishe Chitima
s2447,stories about single mothers pursuing dreams
s2447,2017 releases rated G
s8498,australian comedies and dramas
s8498,feel good movies about sisters
s8498,films with Chris O'Dowd
s8498,movies set during the Vietnam War
s8498,family friendly films rated PG-13
s1689,docuseries about unusual contests
s1689,reality shows with quirky themes
s1689,competitive series from 2020
s1689,unique competitions in America
s1689,shows for mature audiences
s7905,romantic dramas set in the 1920s
s7905,movies starring Matt Dillon
s7905,films about overcoming prejudice
s7905,family-friendly movies rated TV-14
s7905,historical films based in Hawaii
s8001,documentaries about female entrepreneurs
s8001,inspiring movies with black women
s8001,films featuring Luvvie Ajayi
s8001,legacy building stories
s8001,2019 releases rated PG
s1829,true crime docuseries
s1829,gripping paranormal shows
s1829,series about mysterious disappearances
s1829,mature audiences crime documentaries
s1829,2020 releases on unsolved cases
s8644,international documentaries about atomic bombings
s8644,emotional documentaries for a thoughtful mood
s8644,films directed by Hidetaka Inazuka
s8644,stories of World War II survivors
s8644,Japanese language films from 2010
s4260,international thrillers from Spain
s4260,dark dramas with intense themes
s4260,movies featuring Julián Villagrán
s4260,films about accidents leading to chaos
s4260,new releases rated TV-MA
s248,action adventure films
s248,drama movies with Jason Momoa
s248,films about corporate greed
s248,2021 thrillers
s248,rated R movies
s1850,indonesian dramas about women empowerment
s1850,movies with strong female lead
s1850,films directed by Hanung Bramantyo
s1850,historical movies set in early 1900s
s1850,family friendly international movies
s3427,korean crime series
s3427,thrilling mystery shows
s3427,Lee Min-ki performances
s3427,plot about missing husband
s3427,international dramas
s7750,sci-fi movies from 2010
s7750,action films with green monsters
s7750,movies directed by Sam Liu
s7750,films about alien planets
s7750,tv 14 rated adventure movies
s4252,Thai crime dramas
s4252,gritty series about family conflict
s4252,shows featuring Songsit Roongnophakunsri
s4252,stories set in family business
s4252,TV-MA international dramas
s7928,comedy movies from Egypt
s7928,films featuring Ahmed Mekky
s7928,movies about sudden wealth
s7928,international comedies rated TV-14
s7928,funny films from 2013
s6715,British docuseries about everyday objects
s6715,family-friendly shows from the UK
s6715,Mark Miodownik educational series
s6715,TV shows exploring modern materials
s6715,international series rated TV-PG
s8494,thriller movies set in the desert
s8494,dark films with intense performances
s8494,movies featuring Guy Pearce
s8494,post-apocalyptic stories about survival
s8494,Australian movies released in 2014
s7307,thriller movies about revenge
s7307,dramas featuring strong female leads
s7307,Viola Davis crime films
s7307,films about grieving mothers
s7307,2015 films with R rating
s2559,international dramas about love
s2559,romantic movies set in Amsterdam
s2559,films with Rano Karno
s2559,heartfelt stories of lost love
s2559,family friendly films rated TV-PG
s1651,music performances from 2020
s1651,feel good concert movies
s1651,Shawn Mendes films
s1651,live shows set in Toronto
s1651,family friendly music specials
s7793,documentaries about pharmaceuticals
s7793,thought-provoking family stories
s7793,films directed by Chris Bell
s7793,FDA ethical issues in movies
s7793,2015 documentaries from the US
s7002,international documentaries about hostages
s7002,dramatic movies from 2017
s7002,films directed by Federico Lemos
s7002,real events based on crises
s7002,documentaries about Peru
s1103,comedy films for teens
s1103,funny movies with Jonah Hill
s1103,films about fake universities
s1103,2006 college comedies
s1103,PG-13 movies with Adam Herschman
s3950,Lebanese shows with romance
s3950,TV dramas about friendship and secrets
s3950,Bassel Khayyat series
s3950,international romantic shows
s3950,teen friendly series from 2018
s8565,action movies with espionage themes
s8565,adventure films from the 90s
s8565,movies featuring Pierce Brosnan
s8565,films about terrorist threats
s8565,pg-13 thrillers
s382,Spanish crime series
s382,drama about drug lords
s382,shows with Juan Pablo Urrego
s382,family crime stories
s382,2021 Spanish-language shows
s8442,family fantasy films
s8442,movies with Keira Knightley
s8442,holiday themed adventures
s8442,PG rated films for kids
s8442,new releases from 2018
s4826,comedy movies from India
s4826,films about love and relationships
s4826,movies with Vicky Kaushal
s4826,drama films rated TV-MA
s4826,international movies released in 2018
s2307,international dramas set in Taiwan
s2307,emotional stories about families
s2307,shows featuring Cheryl Yang
s2307,series about civil war struggles
s2307,tv-ma rated shows
s2068,anime action movies
s2068,uplifting adventure films
s2068,movies with Nobunaga Shimazaki
s2068,time travel stories
s2068,Japanese animated features
s8058,sports documentaries
s8058,inspirational stories about soccer
s8058,movies directed by Jeffrey C Bell
s8058,films about Philadelphia sports
s8058,recent sports movies
s4717,crime shows in Spanish
s4717,80s drug smuggling series
s4717,shows with Javier Rey
s4717,international crime dramas
s4717,mature rated Spanish series
s3607,korean crime series
s3607,gritty detective shows
s3607,series with Ma Dong-seok
s3607,stories about convicts helping police
s3607,international shows rated tv-ma
s3147,kids tv shows with mystery
s3147,animated comedies for family
s3147,shows starring Matthew Lillard
s3147,spooky adventures in small towns
s3147,series for children rated tv y7
s8092,horror movies from Thailand
s8092,psychological thrillers with Mai Charoenpura
s8092,creepy stories about haunted hotels
s8092,films with TV-MA rating
s8092,international horror movies 2010
s7864,action movies about gangs
s7864,intense drama films 2014
s7864,films with Ray Liotta
s7864,stories of immigrant struggles
s7864,movies set in New York
s8558,political dramas from the 2000s
s8558,shows featuring Martin Sheen
s8558,TV series with strong characters
s8558,stories set in the White House
s8558,14 rated shows for teens
s2356,LGBTQ documentaries to watch
s2356,thought-provoking films about trans issues
s2356,movies featuring trans creators
s2356,documentaries on Hollywood and LGBTQ
s2356,2020 releases rated TV-MA
s2314,romantic reality shows
s2314,feel good series
s2314,shows with Jeremiah Brent
s2314,wedding planning stories
s2314,TV shows from 2020
s237,horror movies with paranormal themes
s237,thrillers with strong female leads
s237,movies starring Aishwarya Rajesh
s237,films about eerie events in nature
s237,2021 international horror movie
s6617,high school thrillers
s6617,intense movies with drama
s6617,films featuring Dylan Sprouse
s6617,student teacher psychological tension
s6617,movies released in 2017
s1990,teen dramas set in Rome
s1990,shows about double lives
s1990,series with Benedetta Porcaroli
s1990,international teen shows
s1990,tv-ma rated series
s4111,new zealand comedies
s4111,funny movies about friendship
s4111,films featuring Madeleine Sami
s4111,movies with romantic breakup themes
s4111,independent films from 2018
s3387,documentaries about birds
s3387,family friendly nature movie
s3387,Stephen Fry narrated films
s3387,courtship rituals in nature
s3387,2019 wildlife documentaries
s2878,saudi arabian drama series
s2878,emotional stories about loss
s2878,shows featuring Moayad Alnefaie
s2878,anthology set in desert landscapes
s2878,tv shows for teens rated TV-14
s8496,independent dramas
s8496,political thrillers
s8496,films with Nicolas Cage
s8496,movies about scandals
s8496,New Orleans movies
s702,canadian dramas about soldiers
s702,emotional films with indigenous themes
s702,movies featuring Tantoo Cardinal
s702,survival stories set in war zones
s702,2019 movies rated tv ma
s7673,action movies set in Asia
s7673,intense thrillers with a drug theme
s7673,films starring Eddie Peng
s7673,international movies about crime investigations
s7673,2016 releases with mature content
s2883,nigerian dramas
s2883,intense legal thrillers
s2883,movies starring Adesua Etomi
s2883,films about workplace harassment
s2883,international movies from 2016
s3623,stand up comedy movies
s3623,funny shows with family themes
s3623,Sebastian Maniscalco films
s3623,comedies set in New York
s3623,TV MA rated comedies
s6444,dramas with strong female leads
s6444,mystery movies about secrets
s6444,films featuring Rachel Brosnahan
s6444,quiet town stories
s6444,family friendly movies rated PG
s5199,sports dramas about love
s5199,movies featuring Noah Centineo
s5199,teen romance films set in Malibu
s5199,2017 romantic movies rated PG-13
s5199,surfing films with a musical twist
s4130,british crime dramas
s4130,thrilling mystery series
s4130,shows with Michael C Hall
s4130,missing person plot
s4130,international shows from the UK
s6806,horror movies from germany
s6806,teen thrillers with social media
s6806,films starring Alycia Debnam-Carey
s6806,mysterious plot college student
s6806,2016 international horror films
s8308,action adventures with Jackie Chan
s8308,fantasy films for teens
s8308,movies featuring Jet Li
s8308,mystical stories set in ancient China
s8308,PG-13 martial arts movies
s3413,comedy dramas from India
s3413,feel good movies about startups
s3413,films with Priyanshu Painyuli
s3413,movies about college friendships
s3413,new Indian movies from 2019
s276,international crime series
s276,thrillers with a dark twist
s276,shows featuring Chino Darín
s276,political drama with murder
s276,spanish language tv shows
s1179,action packed alien invasion movie
s1179,movies starring Nicolas Cage
s1179,films about ancient fighting orders
s1179,R rated action adventure movies
s1179,new action movies from 2020
s8607,independent dramas from India
s8607,movies with Sudipto Chattopadhyay
s8607,films about rural life
s8607,TV-14 rated movies
s8607,visual poetry films
s2694,romantic comedies from 2020
s2694,funny movies with Sam Claflin
s2694,chaotic wedding films
s2694,British films with romance
s2694,international movies rated mature
s1843,historical dramas based on true events
s1843,intense courtroom movies
s1843,films with Sacha Baron Cohen
s1843,protests and trials theme
s1843,2020 movies in English
s5861,international documentaries about recovery
s5861,inspirational films about overcoming struggles
s5861,movies by Sophie Robinson or Lotje Sodderland
s5861,stories about stroke and personal journey
s5861,documentaries from the UK
s2741,anime series with warriors
s2741,adventures featuring Greek mythology
s2741,shows with Toru Furuya
s2741,fantasy series for teens
s2741,1980s Japanese animated shows
s377,anime series for kids
s377,family friendly sci fi shows
s377,series with voice actors
s377,shows about alien worlds
s377,2021 animated series
s1106,dramas about father son relationships
s1106,independent movies with Idris Elba
s1106,films set in Philadelphia
s1106,teen stories about community
s1106,movies from 2021 rated R
s6018,romantic dramas with young writers
s6018,comedies with Glenn Close
s6018,movies about secret affairs
s6018,films set in New York City
s6018,2014 romantic movies rated R
s4477,crime docuseries about terrorist prevention
s4477,international shows rated TV MA
s4477,newly added series from 2018
s4477,real life stories of thwarted attacks
s4477,Czech Republic crime documentaries
s3567,independent dramas from India
s3567,thought-provoking films about suicide
s3567,movies featuring Smita Tambe
s3567,rural detective stories
s3567,movies rated TV-14
s7247,turkish comedies with strong female lead
s7247,dramas about overcoming domestic abuse
s7247,films starring Belçim Bilgin
s7247,movies from 2012 rated tv ma
s7247,international movies in turkish
s7785,kids adventure shows from 2000s
s7785,family friendly series with animal powers
s7785,Ricardo Medina Jr. TV shows
s7785,stories about heroic teams in nature
s7785,animated shows suitable for young children
s4493,children family movies
s4493,funny kids films
s4493,films with Josh Peck
s4493,movies about gnomes saving the world
s4493,2018 movies for family
s6111,music documentaries from Spain
s6111,inspiring films about musicians
s6111,movies featuring Alejandro Sanz
s6111,documentaries on Grammy winners
s6111,international films added in 2018
s5216,international romantic shows
s5216,family drama series
s5216,Kelvin Leong movies
s5216,stories about in-laws
s5216,tv dramas from 2016
s1182,family friendly comedies
s1182,lighthearted shows about singing
s1182,series starring Katharine McPhee
s1182,stories featuring single dads
s1182,new tv shows from 2021
s3975,stand up comedy specials
s3975,funny movies for family
s3975,Nate Bargatze comedy special
s3975,comedy about air travel
s3975,2019 stand up films
s8808,sci-fi horror series
s8808,action shows with strong female leads
s8808,dramas directed by Yeon Sang-ho
s8808,stories about alien invasions
s8808,south korean shows released in 2024
s5825,true crime documentaries
s5825,dark and chilling stories
s5825,movies featuring serial killers
s5825,interviews with notorious criminals
s5825,documentaries from 2000s
s1956,mystery series from south korea
s1956,supernatural dramas with female leads
s1956,shows starring Jung Yu-mi
s1956,high school stories with monsters
s1956,new international releases 2020
s2627,independent dramas from India
s2627,feel good movies about growth
s2627,films with Moin Khan
s2627,stories about unexpected responsibilities
s2627,movies from 2020
s451,romantic dramas from 2009
s451,movies starring Kristen Stewart
s451,vampire and werewolf love story
s451,films rated PG-13
s451,teen movies with emotional themes
s7067,documentaries about youth activism
s7067,movies with strong political themes
s7067,films directed by Elizabeth Chai Vasarhelyi
s7067,stories set in Senegal
s7067,documentaries rated TV-MA
s4491,movies about soccer family drama
s4491,comedies featuring Joaquín Ferreira
s4491,new releases from 2018
s4491,TV-MA movies from Mexico
s4491,films set in Argentina
s18,crime dramas in Spanish
s18,suspenseful shows with romance
s18,Luis Ernesto Franco series
s18,story about fleeing from danger
s18,Mexican TV series rated TV-MA
s5308,documentaries about mental health
s5308,inspirational sports movies
s5308,films by Josh Izenberg
s5308,stories about veterans healing
s5308,movies from the last few years
s7966,international documentaries about music
s7966,feel-good films about lost artists
s7966,films directed by Malik Bendjelloul
s7966,movies featuring singer Rodriguez
s7966,documentaries added in December 2019
s5479,documentaries about LGBTQ themes
s5479,international movies with a thoughtful tone
s5479,films directed by Lygia Barbosa
s5479,stories of self-discovery and transition
s5479,Brazilian movies from the 2010s
s6873,independent films with outlaws
s6873,emotional dramas about fatherhood
s6873,movies starring Tom Berenger
s6873,films with themes of redemption
s6873,recent releases in English
s7166,dramas featuring music and romance
s7166,films with Himesh Reshammiya
s7166,love stories with a tragic twist
s7166,international movies set in India
s7166,movies from 2010 rated TV-14
s7375,chilean thrillers
s7375,psychological dramas
s7375,movies with Daniela Ramírez
s7375,stories about autism
s7375,films from 2016
s7328,independent dramas
s7328,thrillers that are intense
s7328,movies starring Tom Hardy
s7328,driving plot with phone calls
s7328,UK movies from 2013
s6721,international documentaries about Afghanistan
s6721,serious films on military conflicts
s6721,movies by Anders Sømme Hammer
s6721,documentaries questioning Western involvement
s6721,TV-MA rated films from 2013
s2042,educational documentaries
s2042,inspiring films about students
s2042,directed by Davis Guggenheim
s2042,movies about school reform
s2042,documentaries from 2010
s3762,independent dramas
s3762,films about midlife crisis
s3762,movies directed by Federico Veiroj
s3762,international movies from Uruguay
s3762,mature rating films
s4447,international comedies from India
s4447,funny movies about restaurants
s4447,movies with Anjali and Vimal
s4447,films featuring gambling themes
s4447,TV-14 rated comedies
s709,dramas about family conflicts
s709,movies featuring Demián Bichir
s709,independent films set in Los Angeles
s709,films about pursuing dreams
s709,pg 13 movies from 2016
s6656,comedy movies from the 2000s
s6656,funny films for teens
s6656,movies with Eugene Levy
s6656,high school buddy comedy
s6656,PG-13 comedies set in Rhode Island
s3405,kids shows with dragons
s3405,Korean series for children
s3405,adventure stories about racing
s3405,family-friendly animated series
s3405,shows from 2017
s6270,Egyptian comedies
s6270,lighthearted funny movies
s6270,films with Hassan El Raddad
s6270,story about finding money
s6270,movies from 2016
s3236,thrillers about crime and family
s3236,drama movies with Nikolaj Coster-Waldau
s3236,new action films from 2017
s3236,prison stories with high stakes
s3236,intense dramas rated R
s8346,action movies about border towns
s8346,thrillers featuring Patrick Wilson
s8346,films with Ian McShane
s8346,movies with cartel themes
s8346,2016 crime action films
s1278,teen horror series
s1278,shows about primal fears
s1278,Nicole Kang films
s1278,spooky anthologies
s1278,TV-14 horror shows
s7169,horror movies from India
s7169,thrillers with supernatural themes
s7169,films starring Sharad Ponkshe
s7169,movies about unethical medical practices
s7169,international movies rated TV-14
s3096,French TV dramas
s3096,shows featuring strong female leads
s3096,historical series about Paris
s3096,romance set in the 19th century
s3096,mature rated international shows
s5178,action adventure movies from brazil
s5178,movies about revenge and assassins
s5178,films starring Diogo Morgado
s5178,international movies rated tv ma
s5178,2017 action movies
s3186,spanish-language romantic series
s3186,lighthearted shows about trucks
s3186,Katherine Escobar Farfan shows
s3186,Colombian dramas from 2019
s3186,family-friendly TV-14 series
s4222,independent international dramas
s4222,political thrillers from India
s4222,movies featuring Antony
s4222,stories about rural land struggles
s4222,films added in January 2019
s3366,heartwarming documentaries about family reunions
s3366,short films touching on border issues
s3366,directed by Everardo González
s3366,movies exploring separation and connection
s3366,international films from Mexico and USA
s4163,international dramas set in Taipei
s4163,shows featuring Tammy Chen
s4163,tv shows about home swapping
s4163,tv ma family friendly shows
s4163,series from 2018
s6968,chinese thrillers
s6968,suspenseful movies
s6968,films starring Wallace Huo
s6968,stories about crime and family
s6968,international movies from 2016
s3052,indonesian dramas
s3052,feel good foodie movies
s3052,films with Dian Sastrowardoyo
s3052,stories about food and friendship
s3052,international movies from 2018
s5621,international dramas with romance
s5621,movies exploring childhood relationships
s5621,films directed by Jonás Trueba
s5621,Spanish movies set in Madrid
s5621,mature romantic films from 2016
s1308,family comedies with redemption theme
s1308,feel good movies from 2017
s1308,films starring Brett Dalton
s1308,lighthearted dramas for kids
s1308,PG rated movies about churches
s1973,action movies from india
s1973,intense thrillers with sohams
s1973,films about revenge and justice
s1973,international movies in hindi
s1973,dramas rated tv-14
s4341,kids shows about ghosts
s4341,family friendly spooky series
s4341,Korean shows with Jo Hyun-jung
s4341,stories featuring siblings and mysteries
s4341,TV shows added in 2018
s6663,funny romantic movies
s6663,films with Emma Stone
s6663,teen high school comedies
s6663,movies from 2010
s6663,lighthearted PG-13 flicks
s3917,international dramas about imagination
s3917,family movies for kids with autism
s3917,films directed by Soukarya Ghosal
s3917,fantasy stories set in India
s3917,new releases from 2018
s6786,British docuseries about nature
s6786,educational shows for kids
s6786,science themed series on Netflix
s6786,nature exploration shows
s6786,TV shows added in 2017
s7430,international comedies
s7430,feel good movies
s7430,films with Ines De Tavira
s7430,stories about music and talent
s7430,mexican movies from 2016
s1804,international crime shows
s1804,thrillers about kidnapping
s1804,shows starring Daniel Grao
s1804,spanish language drama series
s1804,tv-ma rated series
s6199,australian reality series
s6199,docuseries about treasure hunting
s6199,international shows rated tvma
s6199,gold hunting adventures in outback
s6199,shows added in 2017
s5754,anime series about vampires
s5754,romantic shows for teens
s5754,shows with Daisuke Kishio
s5754,Japanese series from 2008
s5754,tv shows rated tv 14
s3102,action comedies from France or Japan
s3102,dark animated movies for adults
s3102,films featuring Vince Staples or RZA
s3102,teen slacker saving the world storyline
s3102,international movies added in 2019
s4199,comedies from the Philippines
s4199,romantic dramas with Jennylyn Mercado
s4199,movies about dating app relationships
s4199,international films from 2017
s4199,mature content films
s5565,documentaries about Broadway musicals
s5565,movies directed by Lonny Price
s5565,Jason Alexander documentary films
s5565,behind the scenes of musical productions
s5565,TV-MA films from 2016
s8213,independent horror films
s8213,creepy winter break stories
s8213,Emma Roberts movies
s8213,thrillers about boarding schools
s8213,97 minute horror movies
s4,reality TV shows about prison life
s4,gritty docuseries with strong language
s4,new Orleans setting series
s4,shows featuring female inmates
s4,TV MA rated series
s3135,action movies with Shah Rukh Khan
s3135,thrilling adventures from India
s3135,films directed by Farhan Akhtar
s3135,crime stories set in Europe
s3135,international movies rated TV-14
s2963,kids adventure series
s2963,superhero shows for young audiences
s2963,animations with Cristina Vee
s2963,Parisian themed cartoon
s2963,family friendly TV-Y7 content
s2180,romantic dramas set during war
s2180,movies with Josh Hartnett
s2180,films about nurses in history
s2180,Ottoman Empire stories
s2180,recent releases rated R
s4435,independent thrillers
s4435,movies with Robert Patrick
s4435,wilderness kidnapping stories
s4435,adult thrillers
s4435,films released in 2018
s7779,kids action movies
s7779,family friendly adventure films
s7779,movies with Andrew M Gray
s7779,superhero battles against evil
s7779,2010s animated features
s5856,kids adventure series
s5856,family friendly shows
s5856,Gage Munroe kids shows
s5856,learning about nature for children
s5856,Canadian animated series
s6565,bengali thrillers
s6565,dark dramas with strong plots
s6565,movies starring Riya Sen
s6565,crime stories inspired by true events
s6565,indian films from 2016
s3320,children family movies with adventure
s3320,funny animated films for kids
s3320,movies featuring Alfred Molina
s3320,family trip movies set in jungles
s3320,2010s animated kid films
s4766,biographical dramas from Brazil
s4766,inspirational faith based movies
s4766,films featuring Petrônio Gontijo
s4766,stories about controversial leaders
s4766,international movies rated PG
s4548,British comedies from the 80s
s4548,live performances with animation
s4548,films starring John Cleese
s4548,funny sketches and routines
s4548,R rated comedy movies
s6770,independent dramas about music
s6770,feel good movies from the 50s
s6770,films featuring Braeden Lemasters
s6770,stories about young musicians journey
s6770,movies set in Los Angeles
s2219,comedy series set in the past
s2219,shows with Kåre Conradi
s2219,Viking culture and social change
s2219,adult rated international comedies
s2219,Norwegian TV comedies from 2020
s5214,stand-up comedy specials
s5214,dark humor shows
s5214,Patton Oswalt movies
s5214,comedy about personal loss
s5214,movies released in 2017
s4853,kids adventure series
s4853,animated shows with Kelsey Grammer
s4853,fantasy story about amulets
s4853,family friendly sci fi
s4853,shows released in 2018
s7851,British docuseries about social issues
s7851,award winning shows with Reggie Yates
s7851,TV series tackling racism and addiction
s7851,international shows from the UK
s7851,mature rated series released in 2017
s7316,independent dramas with friendship themes
s7316,family friendly movies rated PG
s7316,films starring Greg Kinnear
s7316,stories about childhood bonds
s7316,movies set in the US and Greece
s1760,kids shows with ninjas
s1760,animated series for young viewers
s1760,shows starring Vincent Tong
s1760,fantasy adventures with elemental powers
s1760,family-friendly series from 2019
s6608,documentaries about princesses
s6608,emotional films based on real life
s6608,movies featuring archival footage
s6608,international movies released in 2017
s6608,family friendly documentaries
s859,international dramas about harassment
s859,independent films with strong female leads
s859,movies directed by Mohamed Diab
s859,stories set in Egypt
s859,teen friendly movies with social themes
s2928,interactive children movies
s2928,family comedies for kids
s2928,films with Jay Gragnani
s2928,treehouse adventure films
s2928,2020 animated features
s5261,international dramas with strong female leads
s5261,movies about friendship and survival
s5261,films featuring Loubna Abidar
s5261,Moroccan movies dealing with societal issues
s5261,independent films rated TV-MA
s6652,crime docuseries from 2015
s6652,gritty shows about drug trade
s6652,series featuring Mike Secher
s6652,documentaries on illegal substances
s6652,TV-MA rated crime shows
s6360,action and adventure movies
s6360,suspenseful dramas from India
s6360,films with Amitabh Bachchan
s6360,thieves and diamonds plot
s6360,foreign language action films
s6234,documentaries about cooking traditions
s6234,international films with cultural themes
s6234,movies directed by Matthew Salleh
s6234,films showcasing global cuisine
s6234,Australian movies rated TV-MA
s3459,docuseries about immigration issues
s3459,emotional shows about family struggles
s3459,series on undocumented experiences
s3459,shows set in the United States
s3459,TV mature rated series
s948,thrillers about journalists
s948,movies starring Russell Crowe
s948,political suspense dramas
s948,PG-13 films from 2009
s948,crime dramas from the US
s8074,international sports dramas
s8074,inspiring teen stories
s8074,movies starring David Alan Grier
s8074,films about family struggles
s8074,Jamaican movies from 2018
s7461,family dramas about sports
s7461,movies with Kurt Russell
s7461,inspiring stories set in 1980s
s7461,children friendly sports movies
s7461,film directed by Gavin O'Connor
s2425,action thrillers with heists
s2425,movies starring Edgar Ramírez
s2425,2020 crime drama films
s2425,films about crime and punishment
s2425,independent movies rated TV-MA
s6745,horror anthology series
s6745,scary shows with witches
s6745,Indian thrillers
s6745,creepy stories about love
s6745,TV shows from 2015
s3196,romantic dramas from India
s3196,movies featuring Jimmy Shergill
s3196,films about immigration struggles
s3196,2017 romantic movies
s3196,international movies in English
s7967,action adventure films with witches
s7967,fantasy movies featuring Nicolas Cage
s7967,dark medieval stories about witch hunts
s7967,PG-13 movies set during the plague
s7967,2010s fantasy action movies
s2064,kids shows about diversity
s2064,uplifting series for children
s2064,Marley Dias kids programming
s2064,shows on empathy for kids
s2064,family friendly series from 2020
s1513,stand up comedy specials
s1513,funny movies from the UK
s1513,films featuring Rhys Nicholson
s1513,adult humor shows
s1513,comedies released in 2020
s245,international thrillers
s245,dramas with investigative themes
s245,movies starring Ahmed El Fishawy
s245,films about political protests
s245,2018 foreign language movies
s472,family movies with time travel
s472,dramas with young male leads
s472,films featuring Toyin Abraham
s472,children's flicks about financial struggles
s472,2021 international movies
s4875,family friendly comedy shows
s4875,stand-up comedy with kids
s4875,shows featuring Carol Burnett
s4875,funny series about problem solving
s4875,2018 television comedies
s6156,international dramas based in Egypt
s6156,emotional movies about train accidents
s6156,films starring Eyad Nassar
s6156,dramas from the early 2010s
s6156,movies rated TV-14 with short duration
s8362,family movies from the 90s
s8362,adventure films for kids
s8362,movies directed by Frank Oz
s8362,fantasy stories about toys
s8362,films with Native American themes
s7627,music documentaries from Italy
s7627,movies about hip-hop culture
s7627,Enrico Bisi films
s7627,90s Italian music impact
s7627,international movies rated tv-ma
s740,children and family movies
s740,comedic films for kids
s740,movies with John Cho
s740,animated films about friendship
s740,family movies from 2021
s4666,French thrillers with intrigue
s4666,movies about scams and crime
s4666,films starring Gérard Depardieu
s4666,dramas with a dark tone
s4666,international movies from 2017
s4279,anime movies for Christmas
s4279,lighthearted holiday films
s4279,movies directed by Rarecho
s4279,stories about social media obsession
s4279,Japanese animation from 2018
s8687,international action films
s8687,intense thrillers from Pakistan
s8687,movies with Shaan Shahid
s8687,films about counter-terrorism
s8687,rated tv-ma action movies
s6329,international thrillers
s6329,dramatic movies with family conflict
s6329,films featuring Ricardo Darín
s6329,Patagonia set stories
s6329,movies added in 2017
s5816,stand up comedies about food
s5816,funny performances for adults
s5816,movies starring Jim Gaffigan
s5816,comedy routines about family life
s5816,films from the mid 2000s
s2001,stand up comedy movies
s2001,lighthearted specials
s2001,films featuring Michael McIntyre
s2001,comedy about family and technology
s2001,UK comedy from 2020
s7155,music documentaries for teens
s7155,feel good movies about concerts
s7155,films with Justin Bieber
s7155,inspiring stories of young musicians
s7155,family friendly music films
s6961,action comedies from the 70s
s6961,dramas about friendship and betrayal
s6961,movies starring Amitabh Bachchan
s6961,films set in India
s6961,TV14 rated adventure films
s3964,sports dramas from Finland
s3964,redemption stories with boxers
s3964,films starring Luis Gerardo Méndez
s3964,international movies rated TV-MA
s3964,movies added in 2019
s5054,romantic dramas about modern relationships
s5054,independent films with Nicholas Hoult
s5054,movies exploring dating app experiences
s5054,adult romance films from 2017
s5054,movies set in the United States
s4129,stand up comedy specials
s4129,funny movies from 2019
s4129,films starring Ray Romano
s4129,comedy shows set in New York
s4129,mature content comedies
s2520,classic kids series
s2520,action adventure shows for children
s2520,animation featuring Zach Tyler
s2520,fantasy about elemental powers
s2520,family friendly TV from 2000s
s1514,drama movies about corporate struggles
s1514,movies with Samantha Mathis
s1514,films set in a factory
s1514,PG-13 films from 2012
s1514,intense stories about economy crises
s6579,thrillers about high school mysteries
s6579,movies with Alexa Mansour
s6579,dramas featuring scholarship themes
s6579,teen dramas from 2018
s6579,TV-14 rated thrillers
s6882,independent dramas
s6882,movies about family struggles
s6882,films with Justin Chon
s6882,stories set in LA riots
s6882,TV-MA rated films
s62,anime action movies
s62,family friendly adventure films
s62,films with Junko Takeuchi
s62,stories involving ninjas
s62,Japanese animated features from 2005
s8743,sci-fi comedies for adults
s8743,action movies with Will Smith
s8743,futuristic westerns
s8743,funny films from 1990s
s8743,PG-13 family adventures
s8459,independent dramas from 2012
s8459,movies with intense family conflicts
s8459,films starring Ryan Gosling
s8459,gritty tales about crime and justice
s8459,movies rated R for violence
s7642,spanish comedies about work struggles
s7642,movies with Yon González
s7642,film set in Berlin
s7642,international movies rated TV-MA
s7642,funny films from 2015
s1087,thrillers from nigeria
s1087,dramas with zainab balogun
s1087,movies about greed and theft
s1087,international movies rated tv-ma
s1087,films released in 2016
s7716,funny international romantic movies
s7716,films set in a village
s7716,movies with Tolga Çevik
s7716,lighthearted comedies for adults
s7716,2014 Turkish movies
s4388,brazilian docuseries about music
s4388,reality series featuring pop stars
s4388,shows with Anitta as cast
s4388,series about creating music videos
s4388,international shows from 2018
s2269,action dramas with crime themes
s2269,comedy movies from India
s2269,films starring Akshay Kumar
s2269,movies about brothers in trouble
s2269,films from 2013 rated 14
s1819,international dramas about dance
s1819,emotional movies set in Beirut
s1819,films directed by Philippe Aractingi
s1819,music themed movies featuring Dabke
s1819,movies from the 2000s
s7945,comedies from the 1980s
s7945,family movies with Amitabh Bachchan
s7945,cult films about sibling dynamics
s7945,lighthearted dramas set on a farm
s7945,movies rated TV-14 for teens
s6956,action adventure series
s6956,historical drama set in America
s6956,shows starring Anson Mount
s6956,post civil war revenge story
s6956,crime series rated tv 14
s5287,crimes shows with time travel
s5287,TV dramas with strong female leads
s5287,shows starring Peyton List
s5287,mysteries involving communication from the past
s5287,2016 series rated TV-14
s4761,children family movies
s4761,comedies for kids
s4761,movies with Jim Gaffigan
s4761,stories about lost ducklings
s4761,films from China and US
s515,British comedies on Netflix
s515,funny shows with Andy Samberg
s515,plot about unexpected marriage
s515,TV series rated TV-MA
s515,international series from 2019
s5649,children comedies
s5649,feel good family films
s5649,movies with Jerry Seinfeld
s5649,animated stories about bees
s5649,2000s family movies
s2571,sports dramas for teens
s2571,movies featuring Grace Van Dien
s2571,films about dirt track racing
s2571,family friendly movies rated pg
s2571,2019 releases in drama genre
s8349,documentaries about activism
s8349,family dramas with a historical theme
s8349,movies directed by Damani Baker
s8349,films set in Grenada
s8349,TV 14 rated movies
s1242,comedy movies about feminism
s1242,inspiring teen dramas
s1242,movies directed by Amy Poehler
s1242,high school stories with zines
s1242,2021 films rated PG-13
s4676,international romantic comedies
s4676,funny movies about relationships
s4676,films directed by Mateo Gil
s4676,movies exploring love and science
s4676,spanish language films
s1367,dramas about faith and spirituality
s1367,movies set in early 20th century
s1367,films featuring Harvey Keitel
s1367,stories about visions and belief
s1367,PG-13 movies from Portugal
s7920,international documentaries about filmmakers
s7920,thought-provoking social issue films
s7920,movies featuring Saeed Akhtar Mirza
s7920,films with leftist political themes
s7920,2016 Indian documentary movies
s4762,funny movies with David Spade
s4762,comedy about dads fighting
s4762,movies featuring Joey Bragg
s4762,films from 2018 for adults
s4762,lighthearted comedies for young adults
s6693,comedy movies with Dane Cook
s6693,lighthearted films for date night
s6693,romantic comedies from 2006
s6693,workplace rivalry movies
s6693,PG-13 films about love
s5414,psychological thrillers with strong female leads
s5414,TV dramas featuring therapists
s5414,shows with Naomi Watts
s5414,intense character-driven narratives
s5414,series added in 2017
s5662,dramas about identity and race
s5662,new movies from 2016
s5662,films with Anya Taylor-Joy
s5662,coming of age stories in college
s5662,TV MA rated films
s6006,documentaries about musicians who died young
s6006,films exploring drug-fueled rockstar lives
s6006,Amy Winehouse documentaries
s6006,movies about icon deaths at 27
s6006,UK documentaries from 2017
s3272,teen anime series from Japan
s3272,feel good high school shows
s3272,shows with Aki Toyosaki
s3272,musical themes in anime
s3272,Japanese series rated TV-PG
s8733,sci-fi thrillers
s8733,intense movies
s8733,films with Shauna MacDonald
s8733,stories about torture and survival
s8733,uk movies from 2018
s4551,international comedies from the 70s
s4551,absurd humor series with British actors
s4551,shows starring Graham Chapman and friends
s4551,German TV shows with unique sketches
s4551,mature rated comedies
s6170,family movies with ghosts
s6170,teen mystery movies
s6170,films starring Bailee Madison
s6170,adventure films set in Nantucket
s6170,2010s kids movies
s8043,action comedies from the 90s
s8043,films with Kirsten Dunst
s8043,movies about toys coming to life
s8043,family friendly adventure films
s8043,sci-fi movies rated PG-13
s7165,family dramas with strong female leads
s7165,animated films featuring Salma Hayek
s7165,movies about poetry and self-discovery
s7165,kid friendly movies with important themes
s7165,films released in 2014
s8738,documentaries about obesity
s8738,informative films with geneticists
s8738,movies by Milla Harrison-Hansley
s8738,why are we getting so fat movie
s8738,uk documentaries from 2016
s5155,Japanese romantic series
s5155,dramas with strong female leads
s5155,shows featuring Fumino Kimura
s5155,stories about love and advice
s5155,TV shows added in 2017
s4402,comedies from hong kong
s4402,funny movies with romantic themes
s4402,films starring louis koo
s4402,family movies about marriage
s4402,2000s romantic comedies
s8183,kids series about phobias
s8183,funny kids shows
s8183,Luke Jurevicius animated series
s8183,adventures dealing with fears
s8183,Australian kids TV comedy
s4582,dramas from India
s4582,movies about dreams and aspirations
s4582,films featuring Gippy Grewal
s4582,stories set in Punjab
s4582,international movies for teens
s8786,kids adventure series for young audiences
s8786,shows featuring Sairaj and Devyani Dagaonkar
s8786,fantasy theme with animal transformations
s8786,TV shows for children rated TV-Y7
s8786,animated series released in 2016
s1650,anime series about con artists
s1650,crime shows with twists
s1650,TV show featuring Chiaki Kobayashi
s1650,international shows with heist themes
s1650,new releases rated TV-MA
s7391,action dramas with martial arts
s7391,movies starring Keanu Reeves
s7391,underground fighting movies
s7391,films set in Beijing
s7391,2010s martial arts movie
s8470,inspirational dramas
s8470,movies with Will Smith
s8470,father son struggle films
s8470,films set in the United States
s8470,family friendly movies rated PG-13
s4871,stand up comedy specials
s4871,funny shows about identity
s4871,movies featuring Hari Kondabolu
s4871,comedy on celebrity culture
s4871,2018 comedy films
s4622,reality shows in Spanish
s4622,drama about socialites
s4622,American shows with intrigue
s4622,series set in Mexico City
s4622,mature rated international TV
s2673,dramas about international diplomats
s2673,thrillers with political themes
s2673,movies starring Ana de Armas
s2673,films set in Iraq
s2673,independent films released in 2020
s7466,international dramas set in Ireland
s7466,movies with Jessica Chastain
s7466,historical films about class struggle
s7466,PG-13 romantic dramas
s7466,2010s period pieces
s2551,dramatic independent films from Italy
s2551,emotional stories about motherhood
s2551,movies featuring Vittoria Puccini
s2551,films with themes of loss and gifts
s2551,2020 international dramas
s8276,documentaries about exorcism
s8276,horror films with real events
s8276,movies by William Friedkin
s8276,account of a demonic possession
s8276,Italian language horror movie
s6405,kids series about friendship and fun
s6405,family shows with animal characters
s6405,shows featuring Georgie Fuller
s6405,adorable storytelling for young children
s6405,programs added in 2018
s2863,romantic dramas from South Africa
s2863,movies about hip-hop dance
s2863,films starring Maurice Paige
s2863,teen movies rated TV-14
s2863,international films released in 2017
s7709,classic documentaries about drag culture
s7709,intimate movies about survival and competition
s7709,movies directed by female filmmakers
s7709,films set in 1980s New York
s7709,cult movies rated R
s5322,crime action series
s5322,shows with strong female leads
s5322,superhero team up stories
s5322,TV MA thrillers
s5322,New York City dramas
s4964,sci-fi dramas about transformation
s4964,thriller movies with Sam Worthington
s4964,movies set in dystopian future
s4964,dramas rated TV-MA
s4964,new sci-fi releases from 2018
s6302,kids comedies from the 90s
s6302,adventure shows for young audiences
s6302,series with teen superheroes
s6302,family friendly TV programs
s6302,TV-G rated shows
s2471,action adventure series with strong female lead
s2471,scifi shows featuring heroes and powers
s2471,Melissa Benoist TV series
s2471,story about Superman's cousin saving city
s2471,shows released in 2019
s2836,music documentaries
s2836,films about jazz legends
s2836,movies by Stanley Nelson
s2836,documentaries rated TV-MA
s2836,2019 music films
s4526,stand up comedy specials
s4526,movies about refugees
s4526,Mo Amer comedy performances
s4526,TV MA rated comedies
s4526,2018 comedy films
s788,action adventure movies with Jet Li
s788,crime thrillers featuring DMX
s788,heist films from the 2000s
s788,movies about kidnapping
s788,R rated action films
s7112,sports documentaries
s7112,movies about baseball cards
s7112,films by Harvey Glazer
s7112,2018 movies for adults
s7112,canadian films
s2950,documentaries about racing
s2950,inspiring sports stories
s2950,films by Adam Carolla
s2950,movies tackling racial issues
s2950,2020 sports documentaries
s2419,international dramas about summer vacations
s2419,movies featuring Maged El Kedwany
s2419,charming seaside stories
s2419,films rated TV-14
s2419,contemporary Egyptian cinema
s2809,dance docuseries from last few years
s2809,shows featuring Vandana Hart
s2809,exploratory series about cultural dance
s2809,adult rated documentaries
s2809,TV shows set in the United States
s3465,Indian comedy series about engineering
s3465,TV shows with Barkha Singh
s3465,funny student stories in college
s3465,new comedies added in 2019
s3465,TV-MA rated shows in India
s3295,British docuseries about world wars
s3295,TV shows featuring colorized historical footage
s3295,documentaries on WWII major events
s3295,historical series set in the 20th century
s3295,family-friendly shows rated TV-14
s8748,reality shows hosted by actors
s8748,family friendly game shows
s8748,contestants arrange trivia numbers
s8748,TV shows from 2016
s8748,entertaining series in English
s5496,stand up comedy
s5496,funny movies about being gay
s5496,films with Manu NNa
s5496,mexican comedy specials
s5496,tv ma rated content
s818,comedies with strong female leads
s818,heartwarming dramas about family relationships
s818,movies directed by Lorene Scafaria
s818,stories about grief and moving on
s818,independent films from 2015
s1556,kids comedy shows
s1556,family friendly series
s1556,French animated shows
s1556,cartoons set in Canada
s1556,TV shows for toddlers
s2390,international dramas from 2020
s2390,thrillers with detective themes
s2390,movies starring Vikram Prabhu
s2390,films about high-tech heists
s2390,indian movies rated tv 14
s3955,romantic movies from China
s3955,lighthearted fantasy films
s3955,movies featuring Angelababy
s3955,college romance in gaming
s3955,international films with TV14 rating
s6939,horror documentaries
s6939,dark and eerie films
s6939,movies directed by Jon Schnitzer
s6939,films about haunted attractions
s6939,scary movies rated adult
s1579,romantic shows from Kuwait
s1579,heartwarming dramas with Nour Al Ghandour
s1579,series about love across families
s1579,TV shows with teen relationships
s1579,2019 international dramas
s7047,Thai romantic comedies
s7047,lighthearted films about love
s7047,movies with Sunny Suwanmethanont
s7047,story about learning English
s7047,films set in Thailand
s2221,action movies with martial arts
s2221,intense dramas in foreign languages
s2221,films starring Donnie Yen
s2221,stories about martial arts legends
s2221,movies set in San Francisco
s651,international dramas about new beginnings
s651,movies from Brazil with unique storytelling
s651,films featuring César Troncoso
s651,psychological themes in recent releases
s651,dramas rated TV-14
s4283,international thrillers
s4283,dramas with strong female leads
s4283,movies featuring Kit Chan
s4283,stories about crime and choices
s4283,Singaporean films rated TV-MA
s4213,international dramas about immigrants
s4213,emotional stories tackling poverty
s4213,films directed by female filmmakers
s4213,Icelandic movies with strong female leads
s4213,2018 independent films
s3411,international comedies
s3411,shows about fame and success
s3411,series with Joep Vermolen
s3411,tv shows for adults
s3411,dutch language tv series
s5519,stand up comedy shows
s5519,funny movies about politics
s5519,films featuring Vir Das
s5519,comedy specials set in New York
s5519,2017 movies with mature rating
s4778,kids dancing reality series
s4778,British shows with high competitiveness
s4778,Warren Bullock performances
s4778,family-friendly competition programs
s4778,TV-MA international series
s4296,children family movies
s4296,sci fi adventure films
s4296,movies starring Kelly Hu
s4296,robot saving mission
s4296,movies from 2018
s632,anime series with adventure theme
s632,action-packed international shows
s632,Yuki Kaji voice acting
s632,fantasy stories about princesses
s632,TV shows added in 2021
s2144,stand up comedy specials
s2144,funny shows for adults
s2144,Rob Schneider stand up
s2144,comedy about parenting
s2144,2020 comedy movie
s8206,classic war documentaries
s8206,films directed by John Ford
s8206,movies about Pacific battles
s8206,short documentaries from 1940s
s8206,films suitable for teens
s4338,hong kong romantic movie
s4338,lighthearted films about love triangles
s4338,movies featuring Louis Koo
s4338,comedy about workplace relationships
s4338,films rated TV-PG from 2010
s4018,romantic dramas from the philippines
s4018,movies with Aga Muhlach
s4018,films about love and money
s4018,TV-14 movies for teens
s4018,international romantic films from 2007
s7640,action comedies from 2000s
s7640,movies with George Clooney
s7640,heist films set in Europe
s7640,PG-13 adventures
s7640,funny capers featuring a team
s5895,stand-up comedy specials
s5895,lighthearted comedies to watch
s5895,movies with Anjelah Johnson
s5895,comedy about nail salons
s5895,recent comedy releases from 2015
s6953,children and family movies
s6953,animated films for kids
s6953,movies with Chevy Chase
s6953,stories about memory loss
s6953,family-friendly movies from 2016
s200,indian comedies with romance
s200,feel good dramas from 2006
s200,movies with Aftab Shivdasani
s200,story about friendship and crisis
s200,international movies rated TV-14
s8425,spanish language action series
s8425,historical adventure shows
s8425,shows starring Rodolfo Sancho
s8425,time travel themed shows
s8425,tv ma rated international series
s8638,independent dramas about blacklisted writers
s8638,movies with Bryan Cranston
s8638,films about Hollywood and politics
s8638,serious biographical films from 2015
s8638,R rated movies with strong themes
s7594,international thrillers
s7594,serious drama series
s7594,shows with Aksel Hennie
s7594,military officer returning home
s7594,Norwegian TV shows
s5817,stand-up comedy specials
s5817,funny movies about food
s5817,films featuring Jim Gaffigan
s5817,lighthearted comedy set in Austin
s5817,TV-PG rated comedy
s3931,horror movies about sound
s3931,thrillers with Stanley Tucci
s3931,films set in a post apocalyptic world
s3931,family movies with cult themes
s3931,2019 movies for teens
s4893,family movies for young kids
s4893,fun kid adventures with cars
s4893,movies featuring Stephen Fry
s4893,films about teamwork and friendship
s4893,short animated movies for toddlers
s66,kids series about numbers
s66,fun educational shows for preschoolers
s66,Beth Chalmers kids programs
s66,animated show set in Numberland
s66,family-friendly series from the UK
s3628,docuseries about high school sports
s3628,feel good reality shows
s3628,shows set in Native American communities
s3628,basketball team quest for championship
s3628,family friendly series on Netflix
s3079,independent dramas from India
s3079,angry young man vengeance story
s3079,movies starring Nandita Das
s3079,movies added in 2019
s3079,international movies rated TV-MA
s7481,korean romantic shows
s7481,lighthearted series about hair styling
s7481,shows with Lizzy
s7481,stories about starting a business
s7481,tv shows from South Korea
s4022,international comedies about family issues
s4022,dramas with dying parent theme
s4022,movies starring Aga Muhlach
s4022,recent films rated TV-MA
s4022,Philippines movies from 2017
s8395,children family films
s8395,feel good dramas
s8395,movies starring Shirley MacLaine
s8395,stories about mermaids
s8395,adventure movies for kids
s8735,documentaries about music industry
s8735,lgbtq movies from 2017
s8735,films directed by Drew Stone
s8735,stories of music executives
s8735,movies set in New York
s8233,horror movies about supernatural killers
s8233,thrillers with college students
s8233,films directed by Stacy Title
s8233,scary movies set in haunted houses
s8233,PG-13 horror films
s4327,korean comedies to watch
s4327,funny shows for teens
s4327,series with Kwon Yuri
s4327,shows about webtoon artists
s4327,tv shows added in 2018
s5478,docuseries about marijuana laws
s5478,Thai shows with adult content
s5478,Thailand documentary series
s5478,health impact of cannabis in Thailand
s5478,2017 international TV shows
s7425,international dramas about teens
s7425,movies featuring Irene Wan
s7425,stories about technology and relationships
s7425,films set in Hong Kong
s7425,rated tv-ma movies
s7303,independent horror films
s7303,thrillers with a dark theme
s7303,movies starring Lora Burke
s7303,stories about shapeshifters
s7303,canadian horror movies
s5549,documentaries about digital life
s5549,thought-provoking films for adults
s5549,movies directed by Jason Spingarn-Koff
s5549,films exploring virtual reality themes
s5549,US documentaries from 2010
s6082,funny dramas with Hugh Grant
s6082,lighthearted movies set in London
s6082,films directed by Chris Weitz
s6082,comedies about single parents
s6082,2000s international comedies
s2287,comedic movies from India
s2287,lighthearted dramas about relationships
s2287,films with Kartik Aaryan
s2287,stories about bachelors and love
s2287,Indian movies rated for mature audiences
s4998,crime dramas from Norway
s4998,dark shows with detective themes
s4998,series featuring Tobias Santelmann
s4998,stories about cover-ups and betrayal
s4998,international shows rated TV-MA
s2274,action movies with Akshay Kumar
s2274,thrilling dramas about corruption
s2274,Indian films released in 2015
s2274,movies featuring strong vigilante themes
s2274,international films with a 14 rating
s2821,independent dramas about motherhood
s2821,heartwarming movies with single mothers
s2821,films featuring Stephanie Turner
s2821,stories about caring for disabled children
s2821,2020 drama movie releases
s4489,international docuseries about health
s4489,light-hearted medical advice shows
s4489,Shalin Naik science shows
s4489,programs debunking health myths
s4489,Australian series for families
s290,korean romantic series
s290,historical dramas with clowns
s290,shows featuring Yeo Jin-goo
s290,TV-14 rated international shows
s290,2019 period dramas
s4013,international tv dramas
s4013,emotional family shows
s4013,Fatima Al Safi series
s4013,stories about authoritarian parents
s4013,shows from 2018 rated TV-14
s3468,international comedies for adults
s3468,shows about friendship and romance
s3468,series starring Kashyap Kapoor
s3468,TV shows set in India
s3468,comedy series from 2017
s6705,polish comedies from the 90s
s6705,movies about artistic rebellion
s6705,films starring Janusz Gajos
s6705,independent dramas with adult themes
s6705,TV-MA rated films
s6803,faith based dramas
s6803,movies about college life
s6803,films with Diallo Thompson
s6803,family friendly movies
s6803,teen dramas from 2019
s7889,action comedies with music
s7889,films featuring Garry Sandhu
s7889,movies about friendship and success
s7889,Indian films set in Thailand
s7889,teen friendly movies from 2014
s4182,historical documentaries from Mexico
s4182,films about foundational events
s4182,Paco Ignacio Taibo II movies
s4182,international movies with adult themes
s4182,2019 documentaries
s7209,comedic action movies
s7209,films with Anthony Anderson
s7209,kidnapping plot comedies
s7209,new releases from 2005
s7209,PG-13 comedy films
s8281,indonesian dramas
s8281,inspiring stories about friendship
s8281,movies starring Maudy Ayunda
s8281,coming of age films
s8281,teen movies rated TV-PG
s4790,international comedies about father son relationships
s4790,feel good dramas from 2018
s4790,movies with Zhao Jun
s4790,films about piracy and family
s4790,chinese movies rated tv14
s1311,comedy series about racing
s1311,shows with Kevin James
s1311,TV14 shows for family
s1311,new releases from 2021
s1311,lighthearted series set in garage
s6263,docuseries about mythical creatures
s6263,family friendly shows with monsters
s6263,Steve Leonard documentaries
s6263,educational series on folklore
s6263,Canadian shows from 2010
s268,classic dramas with strong female lead
s268,independent movies from the 90s
s268,films by Jane Campion
s268,stories set in New Zealand
s268,mature films about love and loss
s4059,children family comedies
s4059,funny movies for kids
s4059,films with Bradley Steven Perry
s4059,stories about lying coming back to haunt
s4059,canadian movies from 2014
s5961,drama movies about teachers
s5961,intense films with Samuel L Jackson
s5961,movies set in high schools
s5961,thrillers from the 1990s
s5961,R rated dramas
s5713,stand up comedy movies
s5713,funny shows set in New York
s5713,films with Donald Glover
s5713,mature rated stand up specials
s5713,2010s stand up performances
s6645,fantasy action movies
s6645,films with Patrick Stewart
s6645,battle for the throne story
s6645,animated family adventures
s6645,new movies added in 2017
s270,animated kids series with magic
s270,fantasy shows for young audiences
s270,Liza Jacqueline voice acting roles
s270,stories about fairies and friendship
s270,Italian kids shows from 2015
s851,musical dramas from India
s851,emotional stories about love and ambition
s851,movies featuring Ehan Bhat
s851,films with artists on a journey
s851,2021 international music movies
s6455,independent dramas about family
s6455,movies about Hindu Sikh conflict
s6455,films featuring Suvinder Vikky
s6455,international movies from India
s6455,drama movies with TV-14 rating
s4422,international thrillers
s4422, tense family drama
s4422,movies with Rajeev Khandelwal
s4422,story about a blackmail threat
s4422,indian movies from 2008
s1389,Indian dramas with an entrepreneurial theme
s1389,new movies added in 2021
s1389,films starring Priyanka Chopra
s1389,R rated dramas about ambition
s1389,movies set in India
s8518,independent dramas with psychological themes
s8518,thrilling movies starring Billy Crudup
s8518,films about prison experiments
s8518,mature rated dramas from 2015
s8518,movies set in a controlled environment
s4730,musical romance films from India
s4730,movies with Salman Khan and Kareena Kapoor
s4730,films about financial struggle abroad
s4730,romantic movies set in Singapore
s4730,family-friendly movies rated TV-14
s1875,documentaries about music
s1875,new releases from France
s1875,films featuring Bigflo & Oli
s1875,music tours and behind the scenes
s1875,international movies rated TV-MA
s2685,crime docuseries for adults
s2685,shows about wrongful convictions
s2685,docuseries from United States
s2685,TV-MA series on injustice
s2685,recent true crime shows
s3378,French reality competition shows
s3378,fun baking series
s3378,shows with Artus
s3378,dessert making challenges
s3378,TV shows from 2019
s2200,documentaries about puzzles
s2200,inspiring stories of champions
s2200,films directed by Sue Kim
s2200,family friendly movies under 42 minutes
s2200,new documentaries from 2020
s4660,international thrillers 2010s
s4660,dark dramas with strong female leads
s4660,movies starring Anna Mouglalis
s4660,stories set in 1930s Paris
s4660,mature rating suspense films
s3373,comedies from the 2010s
s3373,movies featuring Eddie Murphy
s3373,films about struggling comedians
s3373,raunchy humor films
s3373,drama set in 1970s Los Angeles
s3484,argentinian crime series
s3484,intense prison dramas
s3484,shows with Juan Minujín
s3484,kidnapping investigation plots
s3484,spanish language thrillers
s7552,sci fi comedies from the 90s
s7552,funny series for teens
s7552,shows with Joel Hodgson
s7552,b movies commentary shows
s7552,tv shows rated tv 14
s8630,action adventure movies from 90s
s8630,dramas about family justice
s8630,films starring Shah Rukh Khan
s8630,movies rated TV-PG for kids
s8630,international films with police themes
s2873,international dramas with friends road trip
s2873,TV shows in Spanish
s2873,Tessa Ia new series
s2873,adult dramas about unexpected journeys
s2873,Mexican shows added recently
s7468,documentaries about media influence
s7468,films on women's leadership issues
s7468,Jennifer Siebel Newsom film
s7468,movies exploring female representation
s7468,US documentaries released in 2011
s8197,action movies with Wesley Snipes
s8197,thrilling adventures from 2000
s8197,films by Christian Duguay
s8197,plots involving diplomatic intrigue
s8197,R rated action films
s4350,international dramas from 2008
s4350,movies with Fan Wei
s4350,comedy about divorce mishaps
s4350,set in Beijing
s4350,movies rated TV-MA
s2599,anime series about dragons
s2599,adventurous shows with hunting theme
s2599,shows featuring Tomoaki Maeno
s2599,Japanese series for teens
s2599,2020 international animated shows
s8225,sports dramas with boxing
s8225,movies starring Zach McGowan
s8225,films about celebrity downfall
s8225,independent movies released in 2019
s8225,mature audience sports films
s830,children family movies
s830,comedy films for kids
s830,movies with big sean
s830,stories about lost pets
s830,animated movies from 2021
s4822,crime dramas with strong leads
s4822,action series with a serious tone
s4822,shows featuring Mike Colter
s4822,stories about neighborhood heroes
s4822,TV-MA thrillers
s197,romantic comedies
s197,teen movies about makeovers
s197,Addison Rae films
s197,movies similar to She's All That
s197,new releases from 2021
s7439,international romantic series
s7439,lighthearted shows about baking
s7439,TV shows about friendship
s7439,comedy series set in a bake shop
s7439,teen friendly romantic shows
s531,kids comedy series
s531,fun shows for kids
s531,Jake Brennan shows
s531,adventures with rich kids
s531,family friendly series
s3609,romantic comedies on Netflix
s3609,teen shows with strong female lead
s3609,series starring Gina Rodriguez
s3609,stories about unexpected pregnancy
s3609,TV dramas from the US
s2325,romantic dramas from Indonesia
s2325,lighthearted films about young marriage
s2325,movies featuring Adipati Dolken
s2325,stories about best friends turning into lovers
s2325,family friendly international movies
s6521,international comedies for teens
s6521,funny shows with celebrity guests
s6521,series featuring Ram Kapoor
s6521,eccentric high school stories
s6521,tv comedies released in 2018
s695,short dramas from Lebanon
s695,comedic films with a nostalgic theme
s695,Soudade Kaadan movies
s695,films about displaced couples
s695,movies set in Beirut
s7740,independent dramas from India
s7740,uplifting stories about women empowerment
s7740,movies featuring Sharib Hashmi
s7740,films addressing social issues
s7740,stuff from 2017 rated TV-14
s6540,music documentaries about faith
s6540,family friendly films
s6540,movies with Israel Houghton
s6540,spiritual musicals set in Asia
s6540,documentaries from 2016
s399,international horror movies
s399,thrillers about vengeance
s399,films with Gianna Jun
s399,stories of betrayal and loss
s399,movies released in 2021
s7488,egyptian comedies
s7488,funny heist movies
s7488,films with Mohamed Mamdouh
s7488,revenge themed movies
s7488,international movies rated mature
s311,crime docuseries about Miami
s311,true crime shows with drug lords
s311,Billy Corben directed series
s311,shows about childhood friends turned criminals
s311,TV-MA rated crime documentaries
s2067,anime thrillers from Japan
s2067,time travel shows with suspense
s2067,Tao Tsuchiya series
s2067,teenagers solving mysteries
s2067,international TV shows for teens
s8267,family fantasy movies from the 80s
s8267,films with puppetry and animation
s8267,kids movies with adventure themes
s8267,magical tales set in mythical worlds
s8267,PG rated movies for children
s206,indian comedies from 2000s
s206,funny movies with Govinda
s206,fantasy films about lawyers
s206,TV14 family-friendly comedies
s206,magical realism international movie
s6254,British docuseries about WWII artifacts
s6254,family friendly shows set in Europe
s6254,reality series on historical discoveries
s6254,shows with themes of war history
s6254,2016 TV shows rated TV-PG
s1571,international romantic series
s1571,emotional dramas set in Egypt
s1571,shows with Ahmed Dawood
s1571,stories about historical mansions
s1571,tv shows rated TV-14
s2466,argentinian thrillers
s2466,dramas with strong female leads
s2466,movies directed by Alejandro Montiel
s2466,crime investigation stories
s2466,2020 movies rated TV-MA
s1296,independent comedies from India
s1296,movies about unusual jobs
s1296,films directed by Prateek Vats
s1296,dramas with a humorous twist
s1296,2019 movies with adult rating
s4856,South African romantic comedies
s4856,funny movies about relationships
s4856,films with Kagiso Lediga
s4856,stories about marriage struggles
s4856,2018 international films
s6711,family movies from 2007
s6711,comedy films starring Steve Carell
s6711,movies about faith and spirituality
s6711,lighthearted films about midlife crisis
s6711,children friendly movies with animals
s1169,anime series with fantasy elements
s1169,shows with a heroic dragon knight
s1169,series featuring Yuri Lowenthal
s1169,TV-MA animated adventure series
s1169,new fantasy series from 2021
s5710,drama thrillers to watch
s5710,survival stories about family conflict
s5710,movies with James Wolk
s5710,new releases from 2016
s5710,rated TV MA movies
s2260,independent comedies on Netflix
s2260,funny road trip movies
s2260,films with Jason Mantzoukas
s2260,sheltered student adventure stories
s2260,comedies released in 2018
s6987,international comedies
s6987,heartwarming spiritual films
s6987,movies starring Apisit Opasaimlikit
s6987,plot about a crisis at a temple
s6987,Thai movies released in 2008
s2644,teen dramas from Turkey
s2644,lighthearted series about friendship
s2644,shows featuring Pınar Deniz
s2644,stories about young love and self-discovery
s2644,2020 international TV shows
s7610,documentaries about world war history
s7610,informative films with dynamic storytelling
s7610,films directed by Paula Apsell
s7610,movies set during the holocaust
s7610,historical films rated TV-14
s3808,Spanish crime series
s3808,shows about vengeance
s3808,Bárbara de Regil shows
s3808,international thrillers
s3808,TV-MA rated series
s1738,international horror series
s1738,mysterious shows with Egyptian setting
s1738,TV dramas featuring Ahmed Amin
s1738,supernatural themes in new releases
s1738,teen-friendly shows rated 14
s6108,romantic movies from India
s6108,films with Priyanka Chopra
s6108,music and musicals movies
s6108,drama about past relationships
s6108,movies rated tv-14
s6120,horror thrillers from 2018
s6120,psychological thrillers with strong lead
s6120,movies featuring Ashley Pereira
s6120,stories about childhood trauma
s6120,films set in small towns
s7710,comedy series with Amy Poehler
s7710,funny shows about government
s7710,lighthearted comedies from 2015
s7710,TV shows rated TV-14
s7710,quirky characters in small town
s8081,action adventure movies
s8081,dark thrillers with intense plots
s8081,films starring Laurence Fishburne
s8081,movies about survival against assassins
s8081,Canadian films from 2015
s1702,haunting thrillers to binge
s1702,horror series with Evan Peters
s1702,Emmy winning dramas 2019
s1702,shows about supernatural fears
s1702,mystery shows for mature audiences
s3204,international thrillers
s3204,drama movies with high stakes
s3204,films featuring Mihai Constantin
s3204,prosecutor legal dramas
s3204,romania bulgaria hungary movies
s5845,cute animal docuseries
s5845,family friendly shows
s5845,Australian science series
s5845,nature show about adorability
s5845,2016 international TV shows
s257,international dramas with supernatural elements
s257,suspenseful revenge thrillers
s257,movies starring Idia Aisien
s257,films about parents murder and revenge
s257,2020 movies rated TV-14
s3214,comedy movies about fake lifestyles
s3214,films with Nigerian actors
s3214,movies featuring Mike Ezuruonye
s3214,lighthearted international movies
s3214,rated TV-MA comedies
s3876,international comedies from Hong Kong
s3876,movies with Louis Koo
s3876,films about neighbors and conflicts
s3876,comedy movies for adults
s3876,funny films released in 2019
s4089,independent dramas 2018
s4089,movies about mother son relationships
s4089,films featuring Tanuja
s4089,family friendly international movies
s4089,TV-PG films from India
s7125,documentary about fashion designers
s7125,inspiring stories of creative journeys
s7125,films featuring Jeremy Scott
s7125,movies set in Missouri
s7125,PG-13 rated documentaries
s2054,international crime series
s2054,dark shows about hate crimes
s2054,Adam Pålsson TV dramas
s2054,rookie cop detective stories
s2054,UK shows from 2020
s775,romantic dramas based on true stories
s775,movies featuring Jacob Elordi
s775,films about fate and love
s775,faith based movies from 2020
s775,PG 13 movies for teens
s5963,horror movies from India
s5963,thrillers with Adah Sharma
s5963,movies about haunted castles
s5963,films rated TV-MA
s5963,international horror films
s6912,sci-fi movies with action
s6912,films with strong female characters
s6912,movies directed by Ian Kirby
s6912,aliens invading earth movies
s6912,new releases from 2015
s6307,action adventure movies
s6307,westerns with gunslingers
s6307,films starring Lou Diamond Phillips
s6307,stories about defending a town
s6307,movies from 2018
s2509,romantic dramas set in small towns
s2509,feel good series about friendship
s2509,shows with JoAnna Garcia Swisher
s2509,friendship stories with family themes
s2509,tv shows from 2020
s1041,anime series with crime elements
s1041,mysterious shows set in Tokyo
s1041,shows featuring Toshiyuki Toyonaga
s1041,international series rated TV-MA
s1041,new anime releases from 2016
s7665,documentaries about infertility
s7665,emotional films on family struggles
s7665,movies directed by Noah Moskin
s7665,stories about assisted reproduction
s7665,2017 films rated TV-MA
s3109,drama series with strong female lead
s3109,comedies about holistic medicine
s3109,shows starring Kate Walsh
s3109,stories set in California
s3109,tv shows from 2012 rated tv 14
s8367,British crime docuseries
s8367,mystery shows with Mark Williams-Thomas
s8367,true crime series 2018
s8367,murder investigation documentaries
s8367,TV-MA docuseries
s6849,action adventure anime movies
s6849,intense japanese features
s6849,films by Kazuchika Kise
s6849,mysterious crime thrillers
s6849,international movies from 2014
s6053,independent romantic dramas
s6053,movies starring Liev Schreiber
s6053,films about infidelity
s6053,2013 movies with R rating
s6053,94 minute romantic films
s7957,comedy horror films
s7957,funny movies with Lindsay Lohan
s7957,films about horror parody
s7957,2010s mockumentary movie
s7957,PG-13 rated comedies
s7871,British crime series with suspense
s7871,shows featuring Matthew Macfadyen
s7871,dramas set in East London
s7871,mature rated crime shows
s7871,historical thriller series
s5727,documentaries about animation studios
s5727,feel good films for families
s5727,movies with Julie Walters
s5727,Aardman Animations history documentary
s5727,British films rated TV PG
s7752,Vietnam War dramas
s7752,movies featuring Willem Dafoe
s7752,action films from the 80s
s7752,R rated war movies
s7752,disillusioned soldier stories
s412,children movies with adventure
s412,family friendly films from 2013
s412,movies directed by Rajiv Chilaka
s412,animated features with Viking themes
s412,kid friendly entertainment rated TV-Y7
s3581,animated comedies for kids
s3581,sci-fi adventures for family
s3581,movies featuring Richard Steven Horvitz
s3581,alien invasion storylines
s3581,2019 children's movies
s5427,sports documentaries about boxing
s5427,inspiring movies about achieving dreams
s5427,movies directed by Jay Bulger
s5427,films featuring struggling fighters
s5427,movies added in 2017
s6633,independent comedies from 2016
s6633,feel-good movies about improv
s6633,films with Keegan-Michael Key
s6633,movies featuring struggling performers
s6633,dramas with a comedic touch
s3826,action movies from 2019
s3826,thrillers about fire investigations
s3826,films with William Baldwin
s3826,sequel movies with crime elements
s3826,dramas set in the United States
s697,zombie action series
s697,dark thrillers to binge
s697,shows with Jaime King
s697,survival stories during apocalypse
s697,horror series from 2021
s6500,music documentaries
s6500,inspiring films about careers
s6500,movies featuring Clive Davis
s6500,entertaining biographical documentaries
s6500,films released in 2017
s3521,international comedies from 2018
s3521,funny movies set in Istanbul
s3521,films starring Ata Demirer
s3521,lighthearted stories about starting over
s3521,turkish movies for teens
s137,romantic dramas from early 2000s
s137,films starring Nicole Kidman
s137,Civil War storylines
s137,wounded soldier journey movie
s137,movies set in the South
s8360,children movies from Denmark
s8360,family adventure films
s8360,movies featuring Paul Tylak
s8360,animated films with animals
s8360,kids movies rated G
s8110,uplifting docuseries about strength
s8110,international shows about traditions
s8110,documentaries set in Spain and Scotland
s8110,family-friendly shows rated TV-PG
s8110,2018 releases with cultural themes
s5014,independent comedies from Spain
s5014,funny movies about filmmaking
s5014,movies starring Carolina Bang
s5014,2017 films with unique stories
s5014,mature rated international movies
s1077,children family movies
s1077,animated films for kids
s1077,movies by Suhas Kadav
s1077,superhero stories for young viewers
s1077,family friendly entertainment
s4468,thrillers set in the 1920s
s4468,movies featuring Luis Tosar
s4468,dramas about police and anarchists
s4468,international films with civil war themes
s4468,mature rated thrillers
s3741,independent dramas
s3741,emotional movies about loss
s3741,films by Vinod Kapri
s3741,child in danger storyline
s3741,Indian movies with kids
s6385,children comedies
s6385,feel good family movies
s6385,films with Caroline Rhea
s6385,buddy stories in a school setting
s6385,2017 family films
s8734,independent comedies from the UK
s8734,thrillers set in Ibiza
s8734,movies featuring Billy Zane
s8734,dark comedies about crime
s8734,2016 movies rated TV MA
s8167,action sci-fi movies
s8167,films starring Arnold Schwarzenegger
s8167,movies about robotic assassins
s8167,2000s action films
s8167,movies with r rating
s4710,vampire series
s4710,mysterious tv dramas
s4710,shows with Joseph Morgan
s4710,new orleans witchcraft story
s4710,teen supernatural horror
s7055,reality TV comedies
s7055,funny shows with brain teasers
s7055,Ben Gleib hosted series
s7055,family friendly competition shows
s7055,TV shows added in 2018
s1583,crime thrillers with strong violence
s1583,movies featuring Casey Affleck
s1583,Atlanta based heist films
s1583,dark dramas from 2016
s1583,R rated action movies
s4486,stand-up comedy series
s4486,interviews with Hollywood stars
s4486,shows from 2017
s4486,talk shows with live audience
s4486,mature rated entertainment
s1821,documentaries about Lebanon
s1821,films directed by Philippe Aractingi
s1821,international movies exploring personal history
s1821,movies for teens with a historical theme
s1821,films added in October 2020
s7295,classic documentaries from 1940s
s7295,films about veterans and mental health
s7295,movies directed by John Huston
s7295,short movies under 60 minutes
s7295,family friendly films rated TV-PG
s5326,stand up comedy movies
s5326,funny shows with country music
s5326,films featuring Brad Paisley
s5326,humor related to rodeos
s5326,comedy specials from 2017
s6525,docuseries with humor
s6525,comedy shows for teens
s6525,shows by Conan O'Brien
s6525,travel themed comedy series
s6525,American shows from 2018
s2795,British adventure shows for teens
s2795,fantasy series with magic
s2795,shows featuring Amir Wilson
s2795,quests and prophecies in TV
s2795,2020 TV shows for families
s6202,documentaries about famous musicians
s6202,inspiring stories about music creators
s6202,films directed by Levan Tsikurishvili
s6202,international movies set in Sweden
s6202,music shows rated TV-MA
s7980,documentaries about British history
s7980,family friendly films under 60 minutes
s7980,movies featuring Samuel West
s7980,historical tours of Westminster
s7980,international documentaries from 2014
s5477,anime action movies
s5477,suspenseful sci fi films
s5477,movies directed by Hiroyuki Seshita
s5477,survival stories in dystopian cities
s5477,japanese movies from 2017
s7683,international dramas about young orphans
s7683,emotional films from India
s7683,movies featuring Ashanth K Shah
s7683,family stories set in the countryside
s7683,movies rated TV-PG for kids
s4954,international thrillers from India
s4954,dramatic stories set in Chennai
s4954,movies featuring Yogi Babu
s4954,teen friendly films rated TV-14
s4954,crime dramas from 2016
s4764,international comedies from the 80s
s4764,shows featuring Akiyoshi Nakao
s4764,TV series about a comedic idiot
s4764,Japanese comedy dramas rated mature
s4764,new releases in Japanese language
s4487,romantic comedies from Peru
s4487,feel good movies about breakups
s4487,films with Christopher Von Uckermann
s4487,movies about single life blogging
s4487,international movies added in 2018
s8143,Hong Kong action movies
s8143,R rated adventure films
s8143,films with Meng Lo
s8143,stories about shaolin warriors
s8143,1980s international films
s7270,LGBTQ dramas from 2019
s7270,independent films with murder theme
s7270,movies featuring Ramón O Torres
s7270,romantic thrillers set in Fire Island
s7270,mature rated gay love stories
s5966,norwegian dramas based on true events
s5966,intense thrillers about terrorism
s5966,movies with Jaden Smith
s5966,stories about healing after tragedy
s5966,2018 films with R rating
s2775,anime series about survival
s2775,international shows with dark themes
s2775,Nao Toyama voice actors
s2775,post-apocalyptic storylines
s2775,2020 shows for adults
s3323,family comedies featuring vampires
s3323,fun kids movies from 2015
s3323,films by Vince Marcello
s3323,teen stories about new schools
s3323,TV PG movies for children
s8380,korean tv dramas
s8380,thriller series with mysterious elements
s8380,shows featuring Hee-seon Kim
s8380,family dynamics in a luxury setting
s8380,international shows rated tv ma
s2535,action movies from 2020
s2535,films with Disha Patani
s2535,romantic thrillers with vengeance
s2535,international movies in Hindi
s2535,adult rated movies
s8185,animated family movies
s8185,films directed by Spielberg
s8185,adventure stories for kids
s8185,3d movies from 2011
s8185,children's movies with dogs
s881,reality horror series
s881,chilling true stories
s881,shows with reenactments
s881,TV MA horror thrillers
s881,2021 new releases
s2880,dark comedies from Nigeria
s2880,movies starring Ramsey Nouah
s2880,stories about kidnappers gone wrong
s2880,international dramas rated TV-MA
s2880,films added in 2020
s8646,horror thrillers with twins
s8646,independent films with strong female leads
s8646,movies featuring Karissa Strain
s8646,yoga horror movies
s8646,2018 movies rated TV-MA
s4628,reality shows about fishing
s4628,competitive adventure series
s4628,nature documentaries with ocean themes
s4628,adult shows set in Oregon
s4628,2018 series rated TV-MA
s2519,Korean action series
s2519,thrilling international TV shows
s2519,Lee Byung-hun films
s2519,plot about secret organizations
s2519,South Korean shows from 2009
s7452,action movies from the UK
s7452,intense dramas with espionage
s7452,films starring Kit Harington
s7452,spy thrillers about terrorism
s7452,international movies rated R
s5760,kids educational series
s5760,musical shows for children
s5760,Judy Greer family programs
s5760,learning songs for preschoolers
s5760,TV Y rated kids content
s6148,cult comedies with dark humor
s6148,psychological thrillers from the 2000s
s6148,movies featuring Christian Bale
s6148,stories about yuppie lifestyles and insanity
s6148,rated R films with violence
s6699,independent thrillers
s6699,psychological drama movies
s6699,films with Jake Gyllenhaal
s6699,plot about lookalikes
s6699,movies from Canada
s3470,children movies for preschoolers
s3470,fun family movies for toddlers
s3470,animated movies about buses
s3470,family-friendly titles added in 2019
s3470,TV-Y rated kids content
s287,kids shows with cute animals
s287,animated series for young children
s287,programs featuring Laila Lockhart Kraner
s287,magical adventures with crafts
s287,family friendly content from 2021
s8373,romantic comedies from 2000s
s8373,feel good movies about friendships
s8373,films starring Emily Blunt
s8373,stories inspired by classic literature
s8373,PG 13 romantic dramas
s3353,German teen dramas
s3353,mysterious stories for young adults
s3353,shows featuring Ludwig Simon
s3353,series about rebellion against nationalism
s3353,TV-MA international thrillers
s1876,international romantic series
s1876,feel good comedies
s1876,shows with Go A-ra
s1876,story about hope and love
s1876,korean shows from 2020
s4993,british crime series
s4993,shows with Carey Mulligan
s4993,mystery involving spies
s4993,dark themed international drama
s4993,tv ma rated thrillers
s2204,comedy dramas about family struggles
s2204,shows with William H Macy
s2204,shows set in Chicago
s2204,TV series with adult themes
s2204,2020s shows with multiple seasons
s3664,anime series about afterlife
s3664,emotional shows from Japan
s3664,features Hiroshi Kamiya
s3664,high school purgatory themes
s3664,tv shows rated TV-PG
s7886,international dramas
s7886,gritty mother-child stories
s7886,films with Haifa Wehbe
s7886,movies set in nightclubs
s7886,2010s Egyptian movies
